X,Y,OBJECT_ID,KODE_DESA,DESA,KODE,PROVINSI,KAB_KOTA,KECAMATAN,DESA_KELUR,JUMLAH_PEN,Nama_provinsi,nama_kota,nama_kecamatan,nama_kelurahan,POSITIF,Meninggal,Month,Year,Month_Year,PROX_ATTRACTION,PROX_KINDERGARTENS,PROX_SCHOOL,PROX_TERMINAL,PROX_HEALTHCARE
-3627128.97677243,692083.510311368,25477,3173031006,KEAGUNGAN,317303,DKI JAKARTA,JAKARTA BARAT,TAMAN SARI,KEAGUNGAN,21609,DKI JAKARTA,JAKARTA BARAT,TAMAN SARI,KEAGUNGAN,1199,13,Aug,2021,Aug_2021,0.538239655567848,0.170838685005828,0.669980973060006,20.7412309761014,20.7412309761014
-3627326.75158001,692881.097037157,25478,3173031007,GLODOK,317303,DKI JAKARTA,JAKARTA BARAT,TAMAN SARI,GLODOK,9069,DKI JAKARTA,JAKARTA BARAT,TAMAN SARI,GLODOK,798,18,Aug,2021,Aug_2021,0.402897507808186,0.187559851699684,1.13149687107061,20.5005165203292,20.5005165203292
-3621508.54617087,689924.954624286,25397,3171031003,HARAPAN MULIA,317103,DKI JAKARTA,JAKARTA PUSAT,KEMAYORAN,HARAPAN MULIA,29085,DKI JAKARTA,JAKARTA PUSAT,KEMAYORAN,HARAPAN MULIA,1939,40,Aug,2021,Aug_2021,1.4805683476399,0.0842851336577298,2.01824402524578,26.5616761912617,26.5616761912617
-3620624.2519965,690303.155736008,25400,3171031006,CEMPAKA BARU,317103,DKI JAKARTA,JAKARTA PUSAT,KEMAYORAN,CEMPAKA BARU,41913,DKI JAKARTA,JAKARTA PUSAT,KEMAYORAN,CEMPAKA BARU,3002,65,Aug,2021,Aug_2021,1.79198301023142,0.279429336375651,2.53246643608646,27.3896288344177,27.3896288344177
-3624360.52626085,690316.267361694,25390,3171021001,PASAR BARU,317102,DKI JAKARTA,JAKARTA PUSAT,SAWAH BESAR,PASAR BARU,15793,DKI JAKARTA,JAKARTA PUSAT,SAWAH BESAR,PASAR BARU,1568,23,Aug,2021,Aug_2021,0.21115232708022,0.265757377380061,0.333586144261694,23.6829857307947,23.6829857307947
-3625164.36177694,691811.902461816,25391,3171021002,KARANG ANYAR,317102,DKI JAKARTA,JAKARTA PUSAT,SAWAH BESAR,KARANG ANYAR,33383,DKI JAKARTA,JAKARTA PUSAT,SAWAH BESAR,KARANG ANYAR,1898,36,Aug,2021,Aug_2021,0.657262444025197,0.463305655736961,1.08542655872613,22.7208077691187,22.7208077691187
-3625381.12250126,693399.807302115,25394,3171021005,MANGGA DUA SELATAN,317102,DKI JAKARTA,JAKARTA PUSAT,SAWAH BESAR,MANGGA DUA SELATAN,35906,DKI JAKARTA,JAKARTA PUSAT,SAWAH BESAR,MANGGA DUA SELATAN,1911,35,Aug,2021,Aug_2021,0.667929678635513,0.74562777556393,0.96662052676376,22.4344055943197,22.4344055943197
-3626870.14933294,690234.073520433,25386,3171011003,PETOJO UTARA,317101,DKI JAKARTA,JAKARTA PUSAT,GAMBIR,PETOJO UTARA,21828,DKI JAKARTA,JAKARTA PUSAT,GAMBIR,PETOJO UTARA,1429,23,Aug,2021,Aug_2021,1.4848353628183,0.169154558979071,0.377241710885739,21.2133644666301,21.2133644666301
-3623604.00594103,689027.027917683,25403,3171041001,SENEN,317104,DKI JAKARTA,JAKARTA PUSAT,SENEN,SENEN,8643,DKI JAKARTA,JAKARTA PUSAT,SENEN,SENEN,968,16,Aug,2021,Aug_2021,1.14307602507675,0.567485174434777,0.603688914550155,24.6388860939889,24.6388860939889
-3622556.55494593,689713.104506081,25408,3171041006,BUNGUR,317104,DKI JAKARTA,JAKARTA PUSAT,SENEN,BUNGUR,23001,DKI JAKARTA,JAKARTA PUSAT,SENEN,BUNGUR,1430,26,Aug,2021,Aug_2021,1.54791613383538,0.836082489690026,0.982369607020413,25.555534611538,25.555534611538
-3619380.27971028,689350.556963218,25409,3171051001,CEMPAKA PUTIH TIMUR,317105,DKI JAKARTA,JAKARTA PUSAT,CEMPAKA PUTIH,CEMPAKA PUTIH TIMUR,29735,DKI JAKARTA,JAKARTA PUSAT,CEMPAKA PUTIH,CEMPAKA PUTIH TIMUR,3066,54,Aug,2021,Aug_2021,3.35570053891948,1.2806907334426,1.13574624371547,28.7502648767547,28.7502648767547
-3619999.92862503,687407.743529129,25411,3171051003,RAWASARI,317105,DKI JAKARTA,JAKARTA PUSAT,CEMPAKA PUTIH,RAWASARI,27113,DKI JAKARTA,JAKARTA PUSAT,CEMPAKA PUTIH,RAWASARI,3238,37,Aug,2021,Aug_2021,3.35752446566322,0.499356214238705,1.17898481740038,28.4958408980969,28.4958408980969
-3624107.80894266,685749.889324811,25412,3171061001,MENTENG,317106,DKI JAKARTA,JAKARTA PUSAT,MENTENG,MENTENG,31780,DKI JAKARTA,JAKARTA PUSAT,MENTENG,MENTENG,2075,33,Aug,2021,Aug_2021,0.825398741824555,0.593713634489953,1.06331795882125,24.9730254687439,24.9730254687439
-3623458.15643402,687022.26517255,25414,3171061003,CIKINI,317106,DKI JAKARTA,JAKARTA PUSAT,MENTENG,CIKINI,10410,DKI JAKARTA,JAKARTA PUSAT,MENTENG,CIKINI,703,13,Aug,2021,Aug_2021,0.770227152894583,0.591060537200482,0.366323943639734,25.2292773261785,25.2292773261785
-3627805.24248617,686021.136061544,25420,3171071004,PETAMBURAN,317107,DKI JAKARTA,JAKARTA PUSAT,TANAH ABANG,PETAMBURAN,43497,DKI JAKARTA,JAKARTA PUSAT,TANAH ABANG,PETAMBURAN,2388,50,Aug,2021,Aug_2021,1.40289039188547,0.508083770501387,0.549190532741855,21.396931749557,21.396931749557
-3626484.59961128,686082.963573559,25421,3171071005,KEBON MELATI,317107,DKI JAKARTA,JAKARTA PUSAT,TANAH ABANG,KEBON MELATI,41344,DKI JAKARTA,JAKARTA PUSAT,TANAH ABANG,KEBON MELATI,1946,39,Aug,2021,Aug_2021,0.476554847557766,0.399298729345691,0.735187515025509,22.6161409245471,22.6161409245471
-3621453.79698963,688731.941155962,25425,3171081002,KAMPUNG RAWA,317108,DKI JAKARTA,JAKARTA PUSAT,JOHAR BARU,KAMPUNG RAWA,27348,DKI JAKARTA,JAKARTA PUSAT,JOHAR BARU,KAMPUNG RAWA,1467,29,Aug,2021,Aug_2021,2.62438676929168,0.741341704975087,1.52258481433482,26.8067223559857,26.8067223559857
-3614564.60065251,696477.844290155,25441,3172031002,TUGU UTARA,317203,DKI JAKARTA,JAKARTA UTARA,KOJA,TUGU UTARA,86287,DKI JAKARTA,JAKARTA UTARA,KOJA,TUGU UTARA,4353,93,Aug,2021,Aug_2021,3.19970305387428,0.172420487169094,0.794166630048126,33.3742546696657,33.3742546696657
-3637793.48908033,696690.390396001,25429,3172011002,KAMAL MUARA,317201,DKI JAKARTA,JAKARTA UTARA,PENJARINGAN,KAMAL MUARA,15051,DKI JAKARTA,JAKARTA UTARA,PENJARINGAN,KAMAL MUARA,932,9,Aug,2021,Aug_2021,5.46761589218639,0.479015729379605,0.404011701891875,10.4865617985796,10.4865617985796
-3631077.3412653,696794.471525907,25432,3172011005,PLUIT,317201,DKI JAKARTA,JAKARTA UTARA,PENJARINGAN,PLUIT,55885,DKI JAKARTA,JAKARTA UTARA,PENJARINGAN,PLUIT,4105,46,Aug,2021,Aug_2021,3.31468982256876,0.384726900962679,1.57897922088071,17.0392324857756,17.0392324857756
-3614846.94765461,697817.448307228,25442,3172031003,LAGOA,317203,DKI JAKARTA,JAKARTA UTARA,KOJA,LAGOA,74851,DKI JAKARTA,JAKARTA UTARA,KOJA,LAGOA,3631,82,Aug,2021,Aug_2021,2.20486493725947,0.719229901559195,1.27534126193914,33.2362287585812,33.2362287585812
-3619873.2032023,695492.73252877,25435,3172021003,PAPANGGO,317202,DKI JAKARTA,JAKARTA UTARA,TANJUNG PRIOK,PAPANGGO,49062,DKI JAKARTA,JAKARTA UTARA,TANJUNG PRIOK,PAPANGGO,2232,36,Aug,2021,Aug_2021,2.38745678226528,0.523573993124245,1.27685359029055,28.0053935310449,28.0053935310449
-3617910.52131475,695403.99304723,25436,3172021004,SUNGAI BAMBU,317202,DKI JAKARTA,JAKARTA UTARA,TANJUNG PRIOK,SUNGAI BAMBU,37423,DKI JAKARTA,JAKARTA UTARA,TANJUNG PRIOK,SUNGAI BAMBU,2151,25,Aug,2021,Aug_2021,2.66212374731642,0.344270058945139,1.00341299587509,29.958413797108,29.958413797108
-3617627.20158777,696905.563639,25437,3172021005,KEBON BAWANG,317202,DKI JAKARTA,JAKARTA UTARA,TANJUNG PRIOK,KEBON BAWANG,64447,DKI JAKARTA,JAKARTA UTARA,TANJUNG PRIOK,KEBON BAWANG,3911,57,Aug,2021,Aug_2021,1.50814743736613,0.256002810248731,0.574059397463444,30.3677665979372,30.3677665979372
-3619071.79389162,696496.13448659,25439,3172021007,WARAKAS,317202,DKI JAKARTA,JAKARTA UTARA,TANJUNG PRIOK,WARAKAS,56502,DKI JAKARTA,JAKARTA UTARA,TANJUNG PRIOK,WARAKAS,2953,43,Aug,2021,Aug_2021,1.28932829650611,0.325586932850539,0.468942255909102,28.8882788487862,28.8882788487862
-3616434.14871998,698784.518752064,25440,3172031001,KOJA,317203,DKI JAKARTA,JAKARTA UTARA,KOJA,KOJA,35891,DKI JAKARTA,JAKARTA UTARA,KOJA,KOJA,2015,38,Aug,2021,Aug_2021,0.442285443882744,1.70523877754006,1.39612989289212,31.8057229104676,31.8057229104676
-3614699.62327256,695008.736968204,25444,3172031005,TUGU SELATAN,317203,DKI JAKARTA,JAKARTA UTARA,KOJA,TUGU SELATAN,49037,DKI JAKARTA,JAKARTA UTARA,KOJA,TUGU SELATAN,2321,38,Aug,2021,Aug_2021,4.27995244826684,0.594877512916174,2.08421149176577,33.1449147170069,33.1449147170069
-3616241.43288636,695413.658967899,25445,3172031006,RAWA BADAK SELATAN,317203,DKI JAKARTA,JAKARTA UTARA,KOJA,RAWA BADAK SELATAN,53360,DKI JAKARTA,JAKARTA UTARA,KOJA,RAWA BADAK SELATAN,2451,43,Aug,2021,Aug_2021,3.34428911473011,0.948292637460865,1.15970810871686,31.6251886245141,31.6251886245141
-3610392.30130617,698457.236121289,25446,3172041001,CILINCING,317204,DKI JAKARTA,JAKARTA UTARA,CILINCING,CILINCING,55102,DKI JAKARTA,JAKARTA UTARA,CILINCING,CILINCING,2513,54,Aug,2021,Aug_2021,0.791928745880582,2.9119806188634,1.97192454550262,37.7361121881323,37.7361121881323
-3632135.92815614,691251.182735168,25471,3173021007,WIJAYA KUSUMA,317302,DKI JAKARTA,JAKARTA BARAT,GROGOL PETAMBURAN,WIJAYA KUSUMA,48348,DKI JAKARTA,JAKARTA BARAT,GROGOL PETAMBURAN,WIJAYA KUSUMA,2841,48,Aug,2021,Aug_2021,0.989263114537442,0.114191718179167,2.2246857329386,15.8537971510034,15.8537971510034
-3613661.40933822,699342.463636949,25449,3172041004,KALIBARU,317204,DKI JAKARTA,JAKARTA UTARA,CILINCING,KALIBARU,86964,DKI JAKARTA,JAKARTA UTARA,CILINCING,KALI BARU,1709,47,Aug,2021,Aug_2021,2.62370773726224,1.63972900577773,2.41473314346942,34.632462894511,34.632462894511
-3608662.36069622,694208.374397813,25451,3172041006,ROROTAN,317204,DKI JAKARTA,JAKARTA UTARA,CILINCING,ROROTAN,50167,DKI JAKARTA,JAKARTA UTARA,CILINCING,ROROTAN,2354,39,Aug,2021,Aug_2021,4.95929300133537,4.31400369766969,3.50030840891746,39.1569778634428,39.1569778634428
-3612974.26065135,696374.583358736,25452,3172041007,SEMPER BARAT,317204,DKI JAKARTA,JAKARTA UTARA,CILINCING,SEMPER BARAT,86583,DKI JAKARTA,JAKARTA UTARA,CILINCING,SEMPER BARAT,4282,82,Aug,2021,Aug_2021,2.76275931495653,1.4286088608592,1.10261964118954,34.9505974940374,34.9505974940374
-3622872.27799835,693768.530617738,25453,3172051001,PADEMANGAN TIMUR,317205,DKI JAKARTA,JAKARTA UTARA,PADEMANGAN,PADEMANGAN TIMUR,45083,DKI JAKARTA,JAKARTA UTARA,PADEMANGAN,PADEMANGAN TIMUR,5768,57,Aug,2021,Aug_2021,1.51365811781581,0.792047844770555,1.71335749945362,24.9429116868638,24.9429116868638
-3624323.99035664,694417.570465512,25454,3172051002,PADEMANGAN BARAT,317205,DKI JAKARTA,JAKARTA UTARA,PADEMANGAN,PADEMANGAN BARAT,93530,DKI JAKARTA,JAKARTA UTARA,PADEMANGAN,PADEMANGAN BARAT,4809,77,Aug,2021,Aug_2021,1.13495711241408,0.252535861596666,0.905714578286093,23.5048270767085,23.5048270767085
-3624818.70495604,695764.330800849,25455,3172051003,ANCOL,317205,DKI JAKARTA,JAKARTA UTARA,PADEMANGAN,ANCOL,29886,DKI JAKARTA,JAKARTA UTARA,PADEMANGAN,ANCOL,1856,27,Aug,2021,Aug_2021,0.162693437255658,1.41439714885698,1.46824315974155,23.0974614506249,23.0974614506249
-3615277.46603988,690636.11244186,25456,3172061001,KELAPA GADING TIMUR,317206,DKI JAKARTA,JAKARTA UTARA,KELAPA GADING,KELAPA GADING TIMUR,40012,DKI JAKARTA,JAKARTA UTARA,KELAPA GADING,KELAPA GADING TIMUR,4040,62,Aug,2021,Aug_2021,6.88684253131916,0.778629315475334,1.12587970247646,32.6719595901652,32.6719595901652
-3639046.06813889,692984.113831655,25459,3173011001,CENGKARENG BARAT,317301,DKI JAKARTA,JAKARTA BARAT,CENGKARENG,CENGKARENG BARAT,80638,DKI JAKARTA,JAKARTA BARAT,CENGKARENG,CENGKARENG BARAT,5533,99,Aug,2021,Aug_2021,2.71800216303541,0.476272100382003,1.26708542759582,8.79022616535114,8.79022616535114
-3626664.21580529,692955.032839618,25476,3173031005,MANGGA BESAR,317303,DKI JAKARTA,JAKARTA BARAT,TAMAN SARI,MANGGA BESAR,9198,DKI JAKARTA,JAKARTA BARAT,TAMAN SARI,MANGGA BESAR,832,14,Aug,2021,Aug_2021,0.499229476587663,0.633479015327667,1.56220584910798,21.1602706871116,21.1602706871116
-3635388.41376386,692698.72744195,25463,3173011005,KAPUK,317301,DKI JAKARTA,JAKARTA BARAT,CENGKARENG,KAPUK,167523,DKI JAKARTA,JAKARTA BARAT,CENGKARENG,KAPUK,6433,165,Aug,2021,Aug_2021,2.07718931874821,0.0974185962223566,2.08982699768845,12.4589216872619,12.4589216872619
-3637655.82598925,692662.371763791,25464,3173011006,CENGKARENG TIMUR,317301,DKI JAKARTA,JAKARTA BARAT,CENGKARENG,CENGKARENG TIMUR,100081,DKI JAKARTA,JAKARTA BARAT,CENGKARENG,CENGKARENG TIMUR,5963,106,Aug,2021,Aug_2021,1.55521934542687,0.750319640201998,0.77489578766577,10.2020643026175,10.2020643026175
-3631009.8448921,688955.7409577,25466,3173021002,TANJUNG DUREN UTARA,317302,DKI JAKARTA,JAKARTA BARAT,GROGOL PETAMBURAN,TANJUNG DUREN UTARA,20603,DKI JAKARTA,JAKARTA BARAT,GROGOL PETAMBURAN,TANJUNG DUREN UTARA,2002,33,Aug,2021,Aug_2021,1.57211397805751,0.269441848252578,0.659634644471769,17.4349776160303,17.4349776160303
-3630812.57867007,690790.760551461,25468,3173021004,JELAMBAR,317302,DKI JAKARTA,JAKARTA BARAT,GROGOL PETAMBURAN,JELAMBAR,36680,DKI JAKARTA,JAKARTA BARAT,GROGOL PETAMBURAN,JELAMBAR,3345,53,Aug,2021,Aug_2021,0.570958237197142,0.615716382941412,0.881528802582838,17.2327209308583,17.2327209308583
-3628488.82265994,692107.030153182,25484,3173041005,KRENDANG,317304,DKI JAKARTA,JAKARTA BARAT,TAMBORA,KRENDANG,25192,DKI JAKARTA,JAKARTA BARAT,TAMBORA,KERENDANG,1162,18,Aug,2021,Aug_2021,0.800928567551557,0.847360369399827,0.788632554732365,19.3834575340174,19.3834575340174
-3631407.18621463,684157.406294638,25492,3173051002,SUKABUMI UTARA,317305,DKI JAKARTA,JAKARTA BARAT,KEBON JERUK,SUKABUMI UTARA,47398,DKI JAKARTA,JAKARTA BARAT,KEBON JERUK,SUKABUMI UTARA,2835,45,Aug,2021,Aug_2021,0.776928671947736,1.29788024904672,1.59701442542254,18.9310377412225,18.9310377412225
-3632043.10610316,682589.622640359,25493,3173051003,SUKABUMI SELATAN,317305,DKI JAKARTA,JAKARTA BARAT,KEBON JERUK,SUKABUMI SELATAN,46386,DKI JAKARTA,JAKARTA BARAT,KEBON JERUK,SUKABUMI SELATAN,2133,31,Aug,2021,Aug_2021,1.13014900557241,0.468968652578233,1.48657561242516,19.2338399941078,19.2338399941078
-3632593.76612903,684007.956664201,25494,3173051004,KELAPA DUA,317305,DKI JAKARTA,JAKARTA BARAT,KEBON JERUK,KELAPA DUA,28843,DKI JAKARTA,JAKARTA BARAT,KEBON JERUK,KELAPA DUA,2186,33,Aug,2021,Aug_2021,0.391533639956105,1.07548879237978,1.71990252856408,17.9916558482505,17.9916558482505
-3632206.94132238,688468.614512418,25495,3173051005,DURI KEPA,317305,DKI JAKARTA,JAKARTA BARAT,KEBON JERUK,DURI KEPA,72834,DKI JAKARTA,JAKARTA BARAT,KEBON JERUK,DURI KEPA,4175,66,Aug,2021,Aug_2021,1.85120447417248,0.628216067251126,1.34394289456127,16.4298653217062,16.4298653217062
-3633936.69316112,689354.11419208,25496,3173051006,KEDOYA UTARA,317305,DKI JAKARTA,JAKARTA BARAT,KEBON JERUK,KEDOYA UTARA,55356,DKI JAKARTA,JAKARTA BARAT,KEBON JERUK,KEDOYA UTARA,3096,50,Aug,2021,Aug_2021,1.41536302174312,1.96571267750813,1.91425439159476,14.5131822230435,14.5131822230435
-3633948.8511238,687565.706798666,25497,3173051007,KEDOYA SELATAN,317305,DKI JAKARTA,JAKARTA BARAT,KEBON JERUK,KEDOYA SELATAN,39331,DKI JAKARTA,JAKARTA BARAT,KEBON JERUK,KEDOYA SELATAN,2428,49,Aug,2021,Aug_2021,2.66626635112333,1.65385747494619,2.27010337704125,15.1222887329358,15.1222887329358
-3641859.40866034,693386.461358568,25502,3173061005,PEGADUNGAN,317306,DKI JAKARTA,JAKARTA BARAT,KALIDERES,PEGADUNGAN,89881,DKI JAKARTA,JAKARTA BARAT,KALI DERES,PEGADUNGAN,4411,57,Aug,2021,Aug_2021,4.26659008280567,0.495125925187839,0.312044125647504,5.95907846107009,5.95907846107009
-3629930.72738034,685325.839478009,25503,3173071001,PALMERAH,317307,DKI JAKARTA,JAKARTA BARAT,PAL MERAH,PALMERAH,77404,DKI JAKARTA,JAKARTA BARAT,PALMERAH,PALMERAH,5441,114,Aug,2021,Aug_2021,1.34362470196156,1.15770663314587,0.99717236034062,19.7056065741081,19.7056065741081
-3628231.96396414,687245.807617208,25508,3173071006,KOTA BAMBU SELATAN,317307,DKI JAKARTA,JAKARTA BARAT,PAL MERAH,KOTA BAMBU SELATAN,26713,DKI JAKARTA,JAKARTA BARAT,PALMERAH,KOTA BAMBU SELATAN,1742,33,Aug,2021,Aug_2021,1.01347061952998,0.654257646573511,1.59830051839674,20.5880601890035,20.5880601890035
-3618980.95206938,683526.969765867,25596,3175031004,RAWA BUNGA,317503,DKI JAKARTA,JAKARTA TIMUR,JATINEGARA,RAWA BUNGA,26604,DKI JAKARTA,JAKARTA TIMUR,JATINEGARA,RAWA BUNGA,1318,16,Aug,2021,Aug_2021,0.6888479906132,0.585380866722886,0.94849428900012,30.5428454444624,30.5428454444624
-3636339.954742,688664.043926495,25509,3173081001,KEMBANGAN UTARA,317308,DKI JAKARTA,JAKARTA BARAT,KEMBANGAN,KEMBANGAN UTARA,66547,DKI JAKARTA,JAKARTA BARAT,KEMBANGAN,KEMBANGAN UTARA,3567,63,Aug,2021,Aug_2021,1.78656366577454,0.858436877821196,0.934979449231545,12.4916336828853,12.4916336828853
-3636648.11908334,685392.573721702,25510,3173081002,MERUYA UTARA,317308,DKI JAKARTA,JAKARTA BARAT,KEMBANGAN,MERUYA UTARA,53207,DKI JAKARTA,JAKARTA BARAT,KEMBANGAN,MERUYA UTARA,3767,55,Aug,2021,Aug_2021,1.09894854961436,0.095603420274692,4.04551441088497,13.8493960953322,13.8493960953322
-3634329.47410269,684172.041372524,25512,3173081004,SRENGSENG,317308,DKI JAKARTA,JAKARTA BARAT,KEMBANGAN,SRENGSENG,54909,DKI JAKARTA,JAKARTA BARAT,KEMBANGAN,SRENGSENG,3800,64,Aug,2021,Aug_2021,1.6169795116442,1.1546519393039,2.31394619030556,16.4537389843827,16.4537389843827
-3620179.57832158,681706.593817433,25518,3174011004,KEBON BARU,317401,DKI JAKARTA,JAKARTA SELATAN,TEBET,KEBON BARU,43498,DKI JAKARTA,JAKARTA SELATAN,TEBET,KEBON BARU,2655,56,Aug,2021,Aug_2021,2.19412629404394,0.20615052518778,0.757209561904598,30.0860609460457,30.0860609460457
-3622016.34327947,683384.844951489,25520,3174011006,MANGGARAI SELATAN,317401,DKI JAKARTA,JAKARTA SELATAN,TEBET,MANGGARAI SELATAN,28306,DKI JAKARTA,JAKARTA SELATAN,TEBET,MANGGARAI SELATAN,1967,39,Aug,2021,Aug_2021,1.27661370695037,1.52852653665445,0.767743156965298,27.7474280162344,27.7474280162344
-3625099.42830483,684816.694310245,25522,3174021001,SETIA BUDI,317402,DKI JAKARTA,JAKARTA SELATAN,SETIABUDI,SETIA BUDI,3632,DKI JAKARTA,JAKARTA SELATAN,SETIA BUDI,SETIA BUDI,637,6,Aug,2021,Aug_2021,0.165450716282649,1.0201505262558,1.51813527665564,24.3545269583496,24.3545269583496
-3626004.50155834,682780.229141707,25523,3174021002,KARET SEMANGGI,317402,DKI JAKARTA,JAKARTA SELATAN,SETIABUDI,KARET SEMANGGI,3275,DKI JAKARTA,JAKARTA SELATAN,SETIA BUDI,KARET SEMANGGI,404,6,Aug,2021,Aug_2021,0.528447463314001,1.3935560795271,1.44938891730436,24.346849158502,24.346849158502
-3624691.77551674,683150.065577883,25524,3174021003,KARET KUNINGAN,317402,DKI JAKARTA,JAKARTA SELATAN,SETIABUDI,KARET KUNINGAN,19490,DKI JAKARTA,JAKARTA SELATAN,SETIA BUDI,KARET KUNINGAN,2936,43,Aug,2021,Aug_2021,1.06980399698017,0.863999542629976,2.36044911273924,25.3749237201406,25.3749237201406
-3623280.91622409,683695.293383507,25526,3174021005,MENTENG ATAS,317402,DKI JAKARTA,JAKARTA SELATAN,SETIABUDI,MENTENG ATAS,34110,DKI JAKARTA,JAKARTA SELATAN,SETIA BUDI,MENTENG ATAS,2569,49,Aug,2021,Aug_2021,0.452301142911958,0.419562805945879,1.62635425383055,26.4579766569012,26.4579766569012
-3623007.0752385,684567.336681459,25527,3174021006,PASAR MANGGIS,317402,DKI JAKARTA,JAKARTA SELATAN,SETIABUDI,PASAR MANGGIS,32972,DKI JAKARTA,JAKARTA SELATAN,SETIA BUDI,PASAR MANGGIS,1959,49,Aug,2021,Aug_2021,1.0838774759374,1.27510728575605,1.31813646021841,26.4011432426991,26.4011432426991
-3624140.76309545,684917.941135195,25528,3174021007,GUNTUR,317402,DKI JAKARTA,JAKARTA SELATAN,SETIABUDI,GUNTUR,4780,DKI JAKARTA,JAKARTA SELATAN,SETIA BUDI,GUNTUR,452,7,Aug,2021,Aug_2021,0.798550966942477,0.239006583511915,1.84789560299918,25.2159882309511,25.2159882309511
-3624410.56903321,681701.905683994,25529,3174021008,KUNINGAN TIMUR,317402,DKI JAKARTA,JAKARTA SELATAN,SETIABUDI,KUNINGAN TIMUR,7309,DKI JAKARTA,JAKARTA SELATAN,SETIA BUDI,KUNINGAN TIMUR,1652,8,Aug,2021,Aug_2021,2.02502417409407,0.762964253853545,1.98008845334869,26.2552209496378,26.2552209496378
-3624392.20206247,680228.898054919,25530,3174031001,MAMPANG PRAPATAN,317403,DKI JAKARTA,JAKARTA SELATAN,MAMPANG PRAPATAN,MAMPANG PRAPATAN,22650,DKI JAKARTA,JAKARTA SELATAN,MAMPANG PRAPATAN,MAMPANG PRAPATAN,2123,33,Aug,2021,Aug_2021,1.72174645055445,1.20364011095712,1.78257561633845,26.9707459801957,26.9707459801957
-3625592.76849579,677456.781184746,25531,3174031002,BANGKA,317403,DKI JAKARTA,JAKARTA SELATAN,MAMPANG PRAPATAN,BANGKA,26261,DKI JAKARTA,JAKARTA SELATAN,MAMPANG PRAPATAN,BANGKA,1911,27,Aug,2021,Aug_2021,1.37318108274832,1.79373038496382,3.38073124504604,27.4570446330336,27.4570446330336
-3624866.00625721,672855.104169925,25538,3174041004,RAGUNAN,317404,DKI JAKARTA,JAKARTA SELATAN,PASAR MINGGU,RAGUNAN,48260,DKI JAKARTA,JAKARTA SELATAN,PASAR MINGGU,RAGUNAN,3733,70,Aug,2021,Aug_2021,1.57852794804477,0.631741185746355,1.79403237278596,30.8825795236206,30.8825795236206
-3621487.80076633,675540.658917735,25539,3174041005,PEJATEN TIMUR,317404,DKI JAKARTA,JAKARTA SELATAN,PASAR MINGGU,PEJATEN TIMUR,71144,DKI JAKARTA,JAKARTA SELATAN,PASAR MINGGU,PEJATEN TIMUR,3734,91,Aug,2021,Aug_2021,1.09969018988968,1.29711367119623,1.52176120844163,31.9260873680663,31.9260873680663
-3623278.93818393,676331.148659027,25540,3174041006,PEJATEN BARAT,317404,DKI JAKARTA,JAKARTA SELATAN,PASAR MINGGU,PEJATEN BARAT,45297,DKI JAKARTA,JAKARTA SELATAN,PASAR MINGGU,PEJATEN BARAT,3411,53,Aug,2021,Aug_2021,1.48333611391104,0.871039075537429,2.08018052400134,29.9997618309699,29.9997618309699
-3623493.76016544,671480.645395562,25541,3174041007,KEBAGUSAN,317404,DKI JAKARTA,JAKARTA SELATAN,PASAR MINGGU,KEBAGUSAN,54249,DKI JAKARTA,JAKARTA SELATAN,PASAR MINGGU,KEBAGUSAN,3507,63,Aug,2021,Aug_2021,0.524726136900986,1.77171526742993,1.80380158789701,32.8210416669631,32.8210416669631
-3631034.96644953,679385.688878538,25542,3174051001,KEBAYORAN LAMA UTARA,317405,DKI JAKARTA,JAKARTA SELATAN,KEBAYORAN LAMA,KEBAYORAN LAMA UTARA,52421,DKI JAKARTA,JAKARTA SELATAN,KEBAYORAN LAMA,KEBAYORAN LAMA UTARA,2973,54,Aug,2021,Aug_2021,0.701172201608173,0.845382275012315,1.69846910570544,21.9522329445957,21.9522329445957
-3631758.04512263,680323.964204929,25544,3174051003,CIPULIR,317405,DKI JAKARTA,JAKARTA SELATAN,KEBAYORAN LAMA,CIPULIR,48638,DKI JAKARTA,JAKARTA SELATAN,KEBAYORAN LAMA,CIPULIR,2703,54,Aug,2021,Aug_2021,0.202672063115572,0.866042076067594,1.34742434773591,20.8004991575601,20.8004991575601
-3630797.57514975,681553.403261631,25546,3174051005,GROGOL SELATAN,317405,DKI JAKARTA,JAKARTA SELATAN,KEBAYORAN LAMA,GROGOL SELATAN,54015,DKI JAKARTA,JAKARTA SELATAN,KEBAYORAN LAMA,GROGOL SELATAN,2963,48,Aug,2021,Aug_2021,1.0109484216935,0.373765283752707,0.996356869679731,20.845767178433,20.845767178433
-3626953.11508544,682143.892698464,25558,3174071006,SENAYAN,317407,DKI JAKARTA,JAKARTA SELATAN,KEBAYORAN BARU,SENAYAN,3408,DKI JAKARTA,JAKARTA SELATAN,KEBAYORAN BARU,SENAYAN,927,2,Aug,2021,Aug_2021,1.21115145946867,0.719689063950254,1.75031251303987,23.8005526338787,23.8005526338787
-3627943.26037237,671219.551780789,25550,3174061003,PONDOK LABU,317406,DKI JAKARTA,JAKARTA SELATAN,CILANDAK,PONDOK LABU,55767,DKI JAKARTA,JAKARTA SELATAN,CILANDAK,PONDOK LABU,3811,60,Aug,2021,Aug_2021,0.245118282015326,0.591934927063189,2.68784360257225,29.8332172023167,29.8332172023167
-3628822.10583361,676202.210437319,25551,3174061004,GANDARIA SELATAN,317406,DKI JAKARTA,JAKARTA SELATAN,CILANDAK,GANDARIA SELATAN,26710,DKI JAKARTA,JAKARTA SELATAN,CILANDAK,GANDARIA SELATAN,2028,30,Aug,2021,Aug_2021,1.41450008957494,0.731274465646895,1.28157493885415,25.7017438127869,25.7017438127869
-3627231.40886833,676076.709624012,25552,3174061005,CIPETE SELATAN,317406,DKI JAKARTA,JAKARTA SELATAN,CILANDAK,CIPETE SELATAN,32280,DKI JAKARTA,JAKARTA SELATAN,CILANDAK,CIPETE SELATAN,2390,45,Aug,2021,Aug_2021,1.61271859406652,1.32843350457112,1.49451762079929,26.9916833641754,26.9916833641754
-3627820.06463122,678600.916235578,25559,3174071007,PULO,317407,DKI JAKARTA,JAKARTA SELATAN,KEBAYORAN BARU,PULO,6776,DKI JAKARTA,JAKARTA SELATAN,KEBAYORAN BARU,PULO,709,10,Aug,2021,Aug_2021,1.93409137677849,0.732780447438541,1.78410807737951,24.9796634434436,24.9796634434436
-3629203.91414301,677899.893465128,25561,3174071009,GANDARIA UTARA,317407,DKI JAKARTA,JAKARTA SELATAN,KEBAYORAN BARU,GANDARIA UTARA,48110,DKI JAKARTA,JAKARTA SELATAN,KEBAYORAN BARU,GANDARIA UTARA,3358,52,Aug,2021,Aug_2021,1.79731087826479,0.18255293676403,0.240923766515029,24.3102612709612,24.3102612709612
-3634221.37593489,679464.572156184,25578,3174101004,PETUKANGAN SELATAN,317410,DKI JAKARTA,JAKARTA SELATAN,PESANGGRAHAN,PETUKANGAN SELATAN,45231,DKI JAKARTA,JAKARTA SELATAN,PESANGGRAHAN,PETUKANGAN SELATAN,2812,34,Aug,2021,Aug_2021,0.407766499357952,1.03016729177469,1.53930141729903,19.5319114727738,19.5319114727738
-3623044.41978136,677611.951642645,25564,3174081002,KALIBATA,317408,DKI JAKARTA,JAKARTA SELATAN,PANCORAN,KALIBATA,51670,DKI JAKARTA,JAKARTA SELATAN,PANCORAN,KALIBATA,3991,75,Aug,2021,Aug_2021,1.38980056447813,0.234391721096845,0.935278198620757,29.4823759255376,29.4823759255376
-3620863.64009191,678456.934119912,25565,3174081003,RAWAJATI,317408,DKI JAKARTA,JAKARTA SELATAN,PANCORAN,RAWAJATI,24671,DKI JAKARTA,JAKARTA SELATAN,PANCORAN,RAWA JATI,2452,31,Aug,2021,Aug_2021,1.89807762584871,1.42579766076679,1.45300391315649,30.914336556704,30.914336556704
-3622570.75903095,669449.040919854,25572,3174091004,LENTENG AGUNG,317409,DKI JAKARTA,JAKARTA SELATAN,JAGAKARSA,LENTENG AGUNG,65606,DKI JAKARTA,JAKARTA SELATAN,JAGAKARSA,LENTENG AGUNG,4147,63,Aug,2021,Aug_2021,1.77445869051818,1.99745020923946,2.22311153013729,34.871744750755,34.871744750755
-3624882.27631688,669358.367083694,25569,3174091001,JAGAKARSA,317409,DKI JAKARTA,JAKARTA SELATAN,JAGAKARSA,JAGAKARSA,75047,DKI JAKARTA,JAKARTA SELATAN,JAGAKARSA,JAGAKARSA,6547,97,Aug,2021,Aug_2021,2.33275121586026,2.21676898390465,1.78597156107908,33.2860488838354,33.2860488838354
-3626861.71505986,665443.305573707,25574,3174091006,CIPEDAK,317409,DKI JAKARTA,JAKARTA SELATAN,JAGAKARSA,CIPEDAK,45772,DKI JAKARTA,JAKARTA SELATAN,JAGAKARSA,CIPEDAK,3311,48,Aug,2021,Aug_2021,3.58385889122702,0.377204430386847,2.19278321397036,34.9676653427686,34.9676653427686
-3632682.15625199,676097.054095282,25576,3174101002,BINTARO,317410,DKI JAKARTA,JAKARTA SELATAN,PESANGGRAHAN,BINTARO,63832,DKI JAKARTA,JAKARTA SELATAN,PESANGGRAHAN,BINTARO,3841,79,Aug,2021,Aug_2021,1.81526613930072,0.644849996639997,2.2625518724535,23.037153800831,23.037153800831
-3619448.07916988,684621.294171408,25580,3175011001,PISANGAN BARU,317501,DKI JAKARTA,JAKARTA TIMUR,MATRAMAN,PISANGAN BARU,38845,DKI JAKARTA,JAKARTA TIMUR,MATRAMAN,PISANGAN BARU,2519,45,Aug,2021,Aug_2021,0.812614397957158,0.00772095287627163,1.68886905899466,29.7539043581571,29.7539043581571
-3621244.05320978,685113.778956908,25584,3175011005,KEBON MANGGIS,317501,DKI JAKARTA,JAKARTA TIMUR,MATRAMAN,KEBON MANGGIS,20178,DKI JAKARTA,JAKARTA TIMUR,MATRAMAN,KEBON MANGGIS,1652,31,Aug,2021,Aug_2021,0.82090362267753,0.272604096596436,0.531701347623361,27.8931363887492,27.8931363887492
-3619484.05771282,685718.553769946,25585,3175011006,UTAN KAYU SELATAN,317501,DKI JAKARTA,JAKARTA TIMUR,MATRAMAN,UTAN KAYU SELATAN,40810,DKI JAKARTA,JAKARTA TIMUR,MATRAMAN,UTAN KAYU SELATAN,3608,69,Aug,2021,Aug_2021,1.89873879943758,0.200141753098535,1.41792311295284,29.4066819967915,29.4066819967915
-3615257.24357796,686162.230725369,25589,3175021004,JATINEGARA KAUM,317502,DKI JAKARTA,JAKARTA TIMUR,PULOGADUNG,JATINEGARA KAUM,30189,DKI JAKARTA,JAKARTA TIMUR,PULO GADUNG,JATINEGARA KAUM,1666,33,Aug,2021,Aug_2021,4.93482602212786,0.890768507985883,1.28712909476908,33.3963680032859,33.3963680032859
-3615903.04430785,687155.462142834,25592,3175021007,JATI,317502,DKI JAKARTA,JAKARTA TIMUR,PULOGADUNG,JATI,39694,DKI JAKARTA,JAKARTA TIMUR,PULO GADUNG,JATI,2879,57,Aug,2021,Aug_2021,4.97887871449957,0.623321673446858,0.952266018114265,32.5559995264143,32.5559995264143
-3616648.19301488,682875.074874785,25598,3175031006,CIPINANG MUARA,317503,DKI JAKARTA,JAKARTA TIMUR,JATINEGARA,CIPINANG MUARA,67965,DKI JAKARTA,JAKARTA TIMUR,JATINEGARA,CIPINANG MUARA,4807,113,Aug,2021,Aug_2021,3.10300666677546,0.343041264351871,1.50322723335461,32.9604383038335,32.9604383038335
-3617713.02985638,682442.739456431,25599,3175031007,CIPINANG BESAR SELATAN,317503,DKI JAKARTA,JAKARTA TIMUR,JATINEGARA,CIPINANG BESAR SELATAN,43554,DKI JAKARTA,JAKARTA TIMUR,JATINEGARA,CIPINANG BESAR SELATAN,2550,43,Aug,2021,Aug_2021,2.34038673082746,0.328991798308294,0.719230838103391,32.103135097946,32.103135097946
-3617968.92772651,683833.917146097,25600,3175031008,CIPINANG BESAR UTARA,317503,DKI JAKARTA,JAKARTA TIMUR,JATINEGARA,CIPINANG BESAR UTARA,59863,DKI JAKARTA,JAKARTA TIMUR,JATINEGARA,CIPINANG BESAR UTARA,2746,56,Aug,2021,Aug_2021,1.63380212346507,0.157839311755548,0.971758955144445,31.4031881979368,31.4031881979368
-3619030.55633523,674430.593176411,25602,3175041002,TENGAH,317504,DKI JAKARTA,JAKARTA TIMUR,KRAMATJATI,TENGAH,54617,DKI JAKARTA,JAKARTA TIMUR,KRAMAT JATI,KAMPUNG TENGAH,3399,72,Aug,2021,Aug_2021,3.52595224670036,1.36540055266378,2.96131970531861,34.5835858988772,34.5835858988772
-3617485.21621997,673690.813614901,25603,3175041003,DUKUH,317504,DKI JAKARTA,JAKARTA TIMUR,KRAMATJATI,DUKUH,30640,DKI JAKARTA,JAKARTA TIMUR,KRAMAT JATI,DUKUH,2089,37,Aug,2021,Aug_2021,1.84238414965151,1.8810665423479,3.07175406903449,36.2806527398017,36.2806527398017
-3620900.74078654,675367.635325144,25605,3175041005,BALEKAMBANG,317504,DKI JAKARTA,JAKARTA TIMUR,KRAMATJATI,BALEKAMBANG,35376,DKI JAKARTA,JAKARTA TIMUR,KRAMAT JATI,BALE KAMBANG,2126,33,Aug,2021,Aug_2021,1.52802753484256,1.76556965917999,1.66166625837044,32.5086171336498,32.5086171336498
-3619538.3399576,677949.724163436,25606,3175041006,CILILITAN,317504,DKI JAKARTA,JAKARTA TIMUR,KRAMATJATI,CILILITAN,49559,DKI JAKARTA,JAKARTA TIMUR,KRAMAT JATI,CILILITAN,3457,69,Aug,2021,Aug_2021,2.65485866966588,2.17566113274674,2.7553658617029,32.3188574593855,32.3188574593855
-3620657.41008696,668113.547664204,25611,3175051004,KALISARI,317505,DKI JAKARTA,JAKARTA TIMUR,PASAR REBO,KALISARI,52424,DKI JAKARTA,JAKARTA TIMUR,PASAR REBO,KALISARI,4395,89,Aug,2021,Aug_2021,3.60420950579552,1.21231777486023,0.273115955580142,37.1828945999191,37.1828945999191
-3612952.22836562,682169.799353002,25620,3175071001,DUREN SAWIT,317507,DKI JAKARTA,JAKARTA TIMUR,DUREN SAWIT,DUREN SAWIT,74118,DKI JAKARTA,JAKARTA TIMUR,DUREN SAWIT,DUREN SAWIT,5392,106,Aug,2021,Aug_2021,3.72808483373943,0.930006209177931,2.43937153100064,36.6886562477608,36.6886562477608
-3614233.95551198,684093.524264998,25622,3175071003,KLENDER,317507,DKI JAKARTA,JAKARTA TIMUR,DUREN SAWIT,KLENDER,86925,DKI JAKARTA,JAKARTA TIMUR,DUREN SAWIT,KLENDER,4518,105,Aug,2021,Aug_2021,4.18905741872047,0.207757584395603,1.72559800735441,34.9006043409976,34.9006043409976
-3609651.03582896,683461.889583399,25626,3175071007,PONDOK KOPI,317507,DKI JAKARTA,JAKARTA TIMUR,DUREN SAWIT,PONDOK KOPI,43303,DKI JAKARTA,JAKARTA TIMUR,DUREN SAWIT,PONDOK KOPI,2513,62,Aug,2021,Aug_2021,1.14828404298983,0.387409481598652,0.709287970158593,39.4874631551935,39.4874631551935
-3616621.00951066,674413.494454042,25628,3175081002,PINANGRANTI,317508,DKI JAKARTA,JAKARTA TIMUR,MAKASAR,PINANGRANTI,33350,DKI JAKARTA,JAKARTA TIMUR,MAKASAR,PINANG RANTI,2320,40,Aug,2021,Aug_2021,1.73782581044376,1.83567980650277,2.02118438369435,36.6223883496237,36.6223883496237
-3617852.2848425,678926.359976394,25629,3175081003,KEBON PALA,317508,DKI JAKARTA,JAKARTA TIMUR,MAKASAR,KEBON PALA,57830,DKI JAKARTA,JAKARTA TIMUR,MAKASAR,KEBON PALA,3950,73,Aug,2021,Aug_2021,4.6032516362593,2.25073601134469,3.79087161711563,33.3629262961228,33.3629262961228
-3617381.79939022,669768.975293676,25632,3175091001,CIRACAS,317509,DKI JAKARTA,JAKARTA TIMUR,CIRACAS,CIRACAS,78952,DKI JAKARTA,JAKARTA TIMUR,CIRACAS,CIRACAS,5740,110,Aug,2021,Aug_2021,3.45484596098014,0.816865169995532,0.613663310575002,38.6283605607707,38.6283605607707
-3615066.35507354,669380.359357097,25637,3175101001,CIPAYUNG,317510,DKI JAKARTA,JAKARTA TIMUR,CIPAYUNG,CIPAYUNG,31625,DKI JAKARTA,JAKARTA TIMUR,CIPAYUNG,CIPAYUNG,3546,39,Aug,2021,Aug_2021,3.5655437335251,1.86788876900701,1.75943115460568,40.7173701423843,40.7173701423843
-3622932.02890974,690590.445045825,25395,3171031001,KEMAYORAN,317103,DKI JAKARTA,JAKARTA PUSAT,KEMAYORAN,KEMAYORAN,26177,DKI JAKARTA,JAKARTA PUSAT,KEMAYORAN,KEMAYORAN,2555,42,Aug,2021,Aug_2021,0.649715739416304,0.44520692309123,0.552453444653175,25.0640513603564,25.0640513603564
-3621756.03928446,690586.253266454,25402,3171031008,UTAN PANJANG,317103,DKI JAKARTA,JAKARTA PUSAT,KEMAYORAN,UTAN PANJANG,37531,DKI JAKARTA,JAKARTA PUSAT,KEMAYORAN,UTAN PANJANG,1954,36,Aug,2021,Aug_2021,0.778681323839115,0.239624966853745,1.60710306089755,26.2323889825435,26.2323889825435
-3617988.55588974,685152.141674308,25587,3175021002,PISANGAN TIMUR,317502,DKI JAKARTA,JAKARTA TIMUR,PULOGADUNG,PISANGAN TIMUR,50332,DKI JAKARTA,JAKARTA TIMUR,PULO GADUNG,PISANGAN TIMUR,3329,46,Aug,2021,Aug_2021,2.09061545308221,0.331404945617521,1.94738306727706,30.9996205253982,30.9996205253982
-3616463.31069423,696961.768030683,25443,3172031004,RAWA BADAK UTARA,317203,DKI JAKARTA,JAKARTA UTARA,KOJA,RAWA BADAK UTARA,43557,DKI JAKARTA,JAKARTA UTARA,KOJA,RAWA BADAK UTARA,2230,41,Aug,2021,Aug_2021,1.78348275003641,0.303821107676907,0.72591195913874,31.5309412691601,31.5309412691601
-3630261.26022772,688141.768976666,25469,3173021005,TANJUNG DUREN SELATAN,317302,DKI JAKARTA,JAKARTA BARAT,GROGOL PETAMBURAN,TANJUNG DUREN SELATAN,30306,DKI JAKARTA,JAKARTA BARAT,GROGOL PETAMBURAN,TANJUNG DUREN SELATAN,2781,46,Aug,2021,Aug_2021,0.837506696218918,0.475907766204798,0.479715792693037,18.3826842648631,18.3826842648631
-3630710.69481707,692134.062642173,25470,3173021006,JELAMBAR BARU,317302,DKI JAKARTA,JAKARTA BARAT,GROGOL PETAMBURAN,JELAMBAR BARU,46743,DKI JAKARTA,JAKARTA BARAT,GROGOL PETAMBURAN,JELAMBAR BARU,3212,40,Aug,2021,Aug_2021,1.74211688346345,0.694142900872152,1.41355603079041,17.16671703671,17.16671703671
-3621913.7315699,691534.679080854,25396,3171031002,KEBON KOSONG,317103,DKI JAKARTA,JAKARTA PUSAT,KEMAYORAN,KEBON KOSONG,37472,DKI JAKARTA,JAKARTA PUSAT,KEMAYORAN,KEBON KOSONG,3113,48,Aug,2021,Aug_2021,0.348124908355563,0.255205163742965,1.49874793305704,25.9831819493902,25.9831819493902
-3620922.24784386,691489.052939449,25398,3171031004,SERDANG,317103,DKI JAKARTA,JAKARTA PUSAT,KEMAYORAN,SERDANG,37782,DKI JAKARTA,JAKARTA PUSAT,KEMAYORAN,SERDANG,2811,58,Aug,2021,Aug_2021,1.23345718455148,0.0642412491778313,2.43978383419412,26.9751746535857,26.9751746535857
-3623163.21842577,691209.257507179,25399,3171031005,GUNUNG SAHARI SELATAN,317103,DKI JAKARTA,JAKARTA PUSAT,KEMAYORAN,GUNUNG SAHARI SELATAN,24164,DKI JAKARTA,JAKARTA PUSAT,KEMAYORAN,GUNUNG SAHARI SELATAN,1961,35,Aug,2021,Aug_2021,0.379514565204753,0.508182466603435,0.262351083777287,24.7671558448366,24.7671558448366
-3619580.17639735,690981.160532467,25401,3171031007,SUMUR BATU,317103,DKI JAKARTA,JAKARTA PUSAT,KEMAYORAN,SUMUR BATU,28834,DKI JAKARTA,JAKARTA PUSAT,KEMAYORAN,SUMUR BATU,2329,44,Aug,2021,Aug_2021,2.57109806116186,0.289580946294778,2.77680377891093,28.3557287916584,28.3557287916584
-3625668.08289307,690474.32722151,25388,3171011005,KEBON KELAPA,317101,DKI JAKARTA,JAKARTA PUSAT,GAMBIR,KEBON KELAPA,12858,DKI JAKARTA,JAKARTA PUSAT,GAMBIR,KEBON KELAPA,957,12,Aug,2021,Aug_2021,0.403748881413988,1.11256910904042,0.0704894008908585,22.3661580460831,22.3661580460831
-3628292.14901187,690394.28172707,25389,3171011006,DURI PULO,317101,DKI JAKARTA,JAKARTA PUSAT,GAMBIR,DURI PULO,25256,DKI JAKARTA,JAKARTA PUSAT,GAMBIR,DURI PULO,1450,28,Aug,2021,Aug_2021,1.08171943364334,0.448149540029046,0.925352621478524,19.7840770994754,19.7840770994754
-3624668.59705507,692009.899966273,25392,3171021003,KARTINI,317102,DKI JAKARTA,JAKARTA PUSAT,SAWAH BESAR,KARTINI,28269,DKI JAKARTA,JAKARTA PUSAT,SAWAH BESAR,KARTINI,1893,36,Aug,2021,Aug_2021,0.890262992195329,0.52625028868173,0.764986126558058,23.2006476389282,23.2006476389282
-3623983.97497684,692534.94997876,25393,3171021004,GUNUNG SAHARI UTARA,317102,DKI JAKARTA,JAKARTA PUSAT,SAWAH BESAR,GUNUNG SAHARI UTARA,20677,DKI JAKARTA,JAKARTA PUSAT,SAWAH BESAR,GUNUNG SAHARI UTARA,1727,37,Aug,2021,Aug_2021,0.61054248353598,0.795430689153187,0.327504899300941,23.8544809940908,23.8544809940908
-3625273.64267305,688893.393372337,25384,3171011001,GAMBIR,317101,DKI JAKARTA,JAKARTA PUSAT,GAMBIR,GAMBIR,3088,DKI JAKARTA,JAKARTA PUSAT,GAMBIR,GAMBIR,1217,13,Aug,2021,Aug_2021,0.540045121029842,1.42078728350975,1.2937844819079,23.0273062228319,23.0273062228319
-3627715.01004427,689170.556097667,25385,3171011002,CIDENG,317101,DKI JAKARTA,JAKARTA PUSAT,GAMBIR,CIDENG,19216,DKI JAKARTA,JAKARTA PUSAT,GAMBIR,CIDENG,1745,29,Aug,2021,Aug_2021,1.69866094017385,1.2564135244915,1.03455415144786,20.5820984000018,20.5820984000018
-3626639.25352773,689010.510386682,25387,3171011004,PETOJO SELATAN,317101,DKI JAKARTA,JAKARTA PUSAT,GAMBIR,PETOJO SELATAN,18388,DKI JAKARTA,JAKARTA PUSAT,GAMBIR,PETOJO SELATAN,1668,24,Aug,2021,Aug_2021,1.60190972348567,1.07602949187047,0.908594181084013,21.6672183732951,21.6672183732951
-3622508.19261795,686832.540875752,25404,3171041002,KENARI,317104,DKI JAKARTA,JAKARTA PUSAT,SENEN,KENARI,11582,DKI JAKARTA,JAKARTA PUSAT,SENEN,KENARI,1156,19,Aug,2021,Aug_2021,0.961391377609006,1.30221233743916,0.738598274300186,26.1959282281381,26.1959282281381
-3621731.59996146,686900.703938872,25405,3171041003,PASEBAN,317104,DKI JAKARTA,JAKARTA PUSAT,SENEN,PASEBAN,29659,DKI JAKARTA,JAKARTA PUSAT,SENEN,PASEBAN,2540,37,Aug,2021,Aug_2021,1.61882957594298,1.09306644097793,0.857961807408591,26.9298583680648,26.9298583680648
-3622643.57234296,688148.137041721,25406,3171041004,KRAMAT,317104,DKI JAKARTA,JAKARTA PUSAT,SENEN,KRAMAT,36350,DKI JAKARTA,JAKARTA PUSAT,SENEN,KRAMAT,1984,45,Aug,2021,Aug_2021,1.81649701079625,0.889325992662445,0.567513843880096,25.7549003847892,25.7549003847892
-3623441.65663941,688129.88443887,25407,3171041005,KWITANG,317104,DKI JAKARTA,JAKARTA PUSAT,SENEN,KWITANG,19303,DKI JAKARTA,JAKARTA PUSAT,SENEN,KWITANG,1213,23,Aug,2021,Aug_2021,1.05724829769053,0.346793538230494,0.389210191517806,24.9794710622214,24.9794710622214
-3620379.52025296,688764.9283457,25410,3171051002,CEMPAKA PUTIH BARAT,317105,DKI JAKARTA,JAKARTA PUSAT,CEMPAKA PUTIH,CEMPAKA PUTIH BARAT,44664,DKI JAKARTA,JAKARTA PUSAT,CEMPAKA PUTIH,CEMPAKA PUTIH BARAT,4078,73,Aug,2021,Aug_2021,3.05611905691502,1.18430898995096,1.3282513766641,27.8580678754856,27.8580678754856
-3622232.67586128,685730.064292003,25413,3171061002,PEGANGSAAN,317106,DKI JAKARTA,JAKARTA PUSAT,MENTENG,PEGANGSAAN,29254,DKI JAKARTA,JAKARTA PUSAT,MENTENG,PEGANGSAAN,1957,49,Aug,2021,Aug_2021,0.990330447006651,0.537977438085402,0.629807399262263,26.7654009560782,26.7654009560782
-3624768.62387311,686899.597497892,25415,3171061004,GONDANGDIA,317106,DKI JAKARTA,JAKARTA PUSAT,MENTENG,GONDANGDIA,4956,DKI JAKARTA,JAKARTA PUSAT,MENTENG,GONDANGDIA,664,8,Aug,2021,Aug_2021,0.864800713197204,1.11749918286374,0.493119991455568,24.0005429721411,24.0005429721411
-3624710.54750152,687782.965220466,25416,3171061005,KEBON SIRIH,317106,DKI JAKARTA,JAKARTA PUSAT,MENTENG,KEBON SIRIH,15702,DKI JAKARTA,JAKARTA PUSAT,MENTENG,KEBON SIRIH,985,15,Aug,2021,Aug_2021,0.327562738889611,1.15447434689496,0.479547758965903,23.8253468754009,23.8253468754009
-3628211.8484747,683440.860215232,25417,3171071001,GELORA,317107,DKI JAKARTA,JAKARTA PUSAT,TANAH ABANG,GELORA,4002,DKI JAKARTA,JAKARTA PUSAT,TANAH ABANG,GELORA,513,7,Aug,2021,Aug_2021,1.13400478240397,1.19004756806241,1.35781723170536,22.0793087382662,22.0793087382662
-3627296.91648169,684514.55547501,25418,3171071002,BENDUNGAN HILIR,317107,DKI JAKARTA,JAKARTA PUSAT,TANAH ABANG,BENDUNGAN HILIR,27144,DKI JAKARTA,JAKARTA PUSAT,TANAH ABANG,BENDUNGAN HILIR,2067,40,Aug,2021,Aug_2021,1.18605110123728,0.579110569680589,0.719881510469262,22.4396653753988,22.4396653753988
-3626326.31394771,684784.737498216,25419,3171071003,KARET TENGSIN,317107,DKI JAKARTA,JAKARTA PUSAT,TANAH ABANG,KARET TENGSIN,24318,DKI JAKARTA,JAKARTA PUSAT,TANAH ABANG,KARET TENGSIN,1675,24,Aug,2021,Aug_2021,0.833681834505812,0.603025768437047,1.07703938946853,23.2265534224484,23.2265534224484
-3626408.73937283,686981.760967494,25422,3171071006,KEBON KACANG,317107,DKI JAKARTA,JAKARTA PUSAT,TANAH ABANG,KEBON KACANG,27319,DKI JAKARTA,JAKARTA PUSAT,TANAH ABANG,KEBON KACANG,1630,40,Aug,2021,Aug_2021,1.01488735187274,0.551165543861964,1.02945903607987,22.4059226798552,22.4059226798552
-3626617.13091308,687641.70852446,25423,3171071007,KAMPUNG BALI,317107,DKI JAKARTA,JAKARTA PUSAT,TANAH ABANG,KAMPUNG BALI,14889,DKI JAKARTA,JAKARTA PUSAT,TANAH ABANG,KAMPUNG BALI,725,16,Aug,2021,Aug_2021,0.652143015155896,0.612083806398278,1.69171143479829,22.0192214193507,22.0192214193507
-3621219.49690167,687949.092953721,25424,3171081001,JOHAR BARU,317108,DKI JAKARTA,JAKARTA PUSAT,JOHAR BARU,JOHAR BARU,46777,DKI JAKARTA,JAKARTA PUSAT,JOHAR BARU,JOHAR BARU,3959,64,Aug,2021,Aug_2021,2.66119021712669,1.44221624308629,1.30460596704364,27.1890447595512,27.1890447595512
-3621531.27008991,689167.693260615,25426,3171081003,GALUR,317108,DKI JAKARTA,JAKARTA PUSAT,JOHAR BARU,GALUR,23288,DKI JAKARTA,JAKARTA PUSAT,JOHAR BARU,GALUR,1106,21,Aug,2021,Aug_2021,2.18380383467827,0.298880950934696,1.82683070936091,26.6546129789929,26.6546129789929
-3622298.57948464,688728.539841034,25427,3171081004,TANAH TINGGI,317108,DKI JAKARTA,JAKARTA PUSAT,JOHAR BARU,TANAH TINGGI,48219,DKI JAKARTA,JAKARTA PUSAT,JOHAR BARU,TANAH TINGGI,2080,42,Aug,2021,Aug_2021,2.34702840037468,1.03324672206146,1.13746342780314,25.9770825851854,25.9770825851854
-3629252.41991255,695768.719460956,25428,3172011001,PENJARINGAN,317201,DKI JAKARTA,JAKARTA UTARA,PENJARINGAN,PENJARINGAN,109567,DKI JAKARTA,JAKARTA UTARA,PENJARINGAN,PENJARINGAN,4641,67,Aug,2021,Aug_2021,1.23199088030996,0.971627377638505,1.38748841370261,18.6883610482993,18.6883610482993
-3634070.29254901,695392.958806262,25430,3172011003,KAPUK MUARA,317201,DKI JAKARTA,JAKARTA UTARA,PENJARINGAN,KAPUK MUARA,43025,DKI JAKARTA,JAKARTA UTARA,PENJARINGAN,KAPUK MUARA,2716,28,Aug,2021,Aug_2021,4.83920473234284,1.73153066892706,1.23817762167435,13.8606671713602,13.8606671713602
-3631131.42234807,693824.94717711,25431,3172011004,PEJAGALAN,317201,DKI JAKARTA,JAKARTA UTARA,PENJARINGAN,PEJAGALAN,90327,DKI JAKARTA,JAKARTA UTARA,PENJARINGAN,PEJAGALAN,5981,78,Aug,2021,Aug_2021,2.3994120276571,0.579428028792159,1.11720345901834,16.6847082138187,16.6847082138187
-3618991.7948972,698176.730459215,25433,3172021001,TANJUNG PRIOK,317202,DKI JAKARTA,JAKARTA UTARA,TANJUNG PRIOK,TANJUNG PRIOK,43623,DKI JAKARTA,JAKARTA UTARA,TANJUNG PRIOK,TANJUNG PRIOK,2442,48,Aug,2021,Aug_2021,0.356849853935457,0.302323749993939,1.71737161076137,29.1837900159018,29.1837900159018
-3618939.36558202,692623.210838156,25434,3172021002,SUNTER JAYA,317202,DKI JAKARTA,JAKARTA UTARA,TANJUNG PRIOK,SUNTER JAYA,77553,DKI JAKARTA,JAKARTA UTARA,TANJUNG PRIOK,SUNTER JAYA,6024,100,Aug,2021,Aug_2021,3.47218282932827,0.697699757467978,3.8899419871581,28.8918089974136,28.8918089974136
-3620982.43723611,694235.221171031,25438,3172021006,SUNTER AGUNG,317202,DKI JAKARTA,JAKARTA UTARA,TANJUNG PRIOK,SUNTER AGUNG,87165,DKI JAKARTA,JAKARTA UTARA,TANJUNG PRIOK,SUNTER AGUNG,5740,109,Aug,2021,Aug_2021,2.59988170626752,0.598525521483156,2.45279396065131,26.8396854187533,26.8396854187533
-3612278.24350855,693510.688891572,25447,3172041002,SUKAPURA,317204,DKI JAKARTA,JAKARTA UTARA,CILINCING,SUKAPURA,69673,DKI JAKARTA,JAKARTA UTARA,CILINCING,SUKAPURA,2801,49,Aug,2021,Aug_2021,5.08716904452853,0.728699737873633,3.80345502779908,35.5364976399813,35.5364976399813
-3608300.91811473,698452.733991959,25448,3172041003,MARUNDA,317204,DKI JAKARTA,JAKARTA UTARA,CILINCING,MARUNDA,35650,DKI JAKARTA,JAKARTA UTARA,CILINCING,MARUNDA,1178,19,Aug,2021,Aug_2021,2.88313675858855,1.71415744045012,0.791886686386972,39.8104657552078,39.8104657552078
-3611881.92051454,697185.790471558,25450,3172041005,SEMPER TIMUR,317204,DKI JAKARTA,JAKARTA UTARA,CILINCING,SEMPER TIMUR,44903,DKI JAKARTA,JAKARTA UTARA,CILINCING,SEMPER TIMUR,2208,46,Aug,2021,Aug_2021,1.46934146048574,2.19479702616877,2.05256678587206,36.111087053723,36.111087053723
-3625782.34729317,691943.765089181,25472,3173031001,TAMAN SARI,317303,DKI JAKARTA,JAKARTA BARAT,TAMAN SARI,TAMAN SARI,17509,DKI JAKARTA,JAKARTA BARAT,TAMAN SARI,TAMAN SARI,1390,21,Aug,2021,Aug_2021,0.545315848445472,0.205132547785454,1.32208921165382,22.0945132851305,22.0945132851305
-3627021.22397455,691299.037544747,25473,3173031002,KRUKUT,317303,DKI JAKARTA,JAKARTA BARAT,TAMAN SARI,KRUKUT,23821,DKI JAKARTA,JAKARTA BARAT,TAMAN SARI,KRUKUT,1251,16,Aug,2021,Aug_2021,1.31295876777524,0.438472883997209,0.546307135668328,20.920427544113,20.920427544113
-3613861.19156365,691290.859578031,25457,3172061002,PEGANGSAAN DUA,317206,DKI JAKARTA,JAKARTA UTARA,KELAPA GADING,PEGANGSAAN DUA,59468,DKI JAKARTA,JAKARTA UTARA,KELAPA GADING,PEGANGSAAN DUA,4374,69,Aug,2021,Aug_2021,7.67031149135353,0.895932266461004,1.66993741563858,34.0319285739337,34.0319285739337
-3616483.46758051,692309.677323108,25458,3172061003,KELAPA GADING BARAT,317206,DKI JAKARTA,JAKARTA UTARA,KELAPA GADING,KELAPA GADING BARAT,42264,DKI JAKARTA,JAKARTA UTARA,KELAPA GADING,KELAPA GADING BARAT,4039,59,Aug,2021,Aug_2021,5.74745633881586,2.57917522012424,3.18684010768455,31.3577558309859,31.3577558309859
-3639466.32362407,688543.037631116,25460,3173011002,DURI KOSAMBI,317301,DKI JAKARTA,JAKARTA BARAT,CENGKARENG,DURI KOSAMBI,94759,DKI JAKARTA,JAKARTA BARAT,CENGKARENG,DURI KOSAMBI,4748,77,Aug,2021,Aug_2021,1.31476014787906,0.266397780929835,3.73244098248989,9.76096363209601,9.76096363209601
-3637231.97863525,689840.907641887,25461,3173011003,RAWA BUAYA,317301,DKI JAKARTA,JAKARTA BARAT,CENGKARENG,RAWA BUAYA,78405,DKI JAKARTA,JAKARTA BARAT,CENGKARENG,RAWA BUAYA,3493,62,Aug,2021,Aug_2021,0.425845954230896,0.123155832439323,1.43559952843041,11.2307696073343,11.2307696073343
-3634384.83396878,691358.812164866,25462,3173011004,KEDAUNG KALI ANGKE,317301,DKI JAKARTA,JAKARTA BARAT,CENGKARENG,KEDAUNG KALI ANGKE,40666,DKI JAKARTA,JAKARTA BARAT,CENGKARENG,KEDAUNG KALI ANGKE,2138,36,Aug,2021,Aug_2021,0.811061244495963,1.33342191626117,2.39784708308667,13.6156678196672,13.6156678196672
-3626117.34010956,691477.85373241,25474,3173031003,MAPHAR,317303,DKI JAKARTA,JAKARTA BARAT,TAMAN SARI,MAPHAR,19914,DKI JAKARTA,JAKARTA BARAT,TAMAN SARI,MAPHAR,1274,27,Aug,2021,Aug_2021,0.993098769315991,0.462530472292391,0.750493901568755,21.8009101136684,21.8009101136684
-3626018.88982047,692811.767621848,25475,3173031004,TANGKI,317303,DKI JAKARTA,JAKARTA BARAT,TAMAN SARI,TANGKI,15992,DKI JAKARTA,JAKARTA BARAT,TAMAN SARI,TANGKI,1146,18,Aug,2021,Aug_2021,0.634658647951704,0.26180254504991,1.7335622980998,21.810018658155,21.810018658155
-3629671.09423955,690513.123289874,25465,3173021001,GROGOL,317302,DKI JAKARTA,JAKARTA BARAT,GROGOL PETAMBURAN,GROGOL,20792,DKI JAKARTA,JAKARTA BARAT,GROGOL PETAMBURAN,GROGOL,2309,41,Aug,2021,Aug_2021,0.708838433199279,0.173599112901878,0.142380949972255,18.4044097930823,18.4044097930823
-3629300.96759042,689211.340506467,25467,3173021003,TOMANG,317302,DKI JAKARTA,JAKARTA BARAT,GROGOL PETAMBURAN,TOMANG,36093,DKI JAKARTA,JAKARTA BARAT,GROGOL PETAMBURAN,TOMANG,2470,36,Aug,2021,Aug_2021,1.62003867612252,1.02621567576565,1.21344025756902,19.0269293917446,19.0269293917446
-3627055.86808274,693939.608650366,25479,3173031008,PINANGSIA,317303,DKI JAKARTA,JAKARTA BARAT,TAMAN SARI,PINANGSIA,13136,DKI JAKARTA,JAKARTA BARAT,TAMAN SARI,PINANGSIA,791,10,Aug,2021,Aug_2021,0.579782640963299,0.37910180034326,1.87478929267781,20.7615211191939,20.7615211191939
-3627900.63935345,692888.82767327,25480,3173041001,TAMBORA,317304,DKI JAKARTA,JAKARTA BARAT,TAMBORA,TAMBORA,12805,DKI JAKARTA,JAKARTA BARAT,TAMBORA,TAMBORA,785,21,Aug,2021,Aug_2021,0.7058636115347,0.399644640340605,1.06786008231743,19.9267150609002,19.9267150609002
-3629069.69088022,691091.899369767,25481,3173041002,KALI ANYAR,317304,DKI JAKARTA,JAKARTA BARAT,TAMBORA,KALI ANYAR,30229,DKI JAKARTA,JAKARTA BARAT,TAMBORA,KALI ANYAR,1166,23,Aug,2021,Aug_2021,0.395938693758865,0.601565719152443,0.543359001828882,18.9121081814991,18.9121081814991
-3628325.0392816,691584.951960668,25482,3173041003,DURI UTARA,317304,DKI JAKARTA,JAKARTA BARAT,TAMBORA,DURI UTARA,24495,DKI JAKARTA,JAKARTA BARAT,TAMBORA,DURI UTARA,1277,23,Aug,2021,Aug_2021,0.506194440825476,0.716001660722624,0.625893550277847,19.5935747085146,19.5935747085146
-3627712.63275038,691728.642294404,25483,3173041004,TANAH SEREAL,317304,DKI JAKARTA,JAKARTA BARAT,TAMBORA,TANAH SEREAL,32249,DKI JAKARTA,JAKARTA BARAT,TAMBORA,TANAH SEREAL,1941,21,Aug,2021,Aug_2021,1.1182608554949,0.15630021697969,0.109536050031932,20.1889971832223,20.1889971832223
-3629291.53393064,691839.085492824,25485,3173041006,JEMBATAN BESI,317304,DKI JAKARTA,JAKARTA BARAT,TAMBORA,JEMBATAN BESI,37262,DKI JAKARTA,JAKARTA BARAT,TAMBORA,JEMBATAN BESI,1546,26,Aug,2021,Aug_2021,0.701525152825241,1.31294992743706,0.266034729868347,18.6066936352922,18.6066936352922
-3629611.53453812,692650.579490636,25486,3173041007,ANGKE,317304,DKI JAKARTA,JAKARTA BARAT,TAMBORA,ANGKE,36428,DKI JAKARTA,JAKARTA BARAT,TAMBORA,ANGKE,1829,32,Aug,2021,Aug_2021,0.669117801119601,1.38363697588515,0.556438299719918,18.2278830609096,18.2278830609096
-3628567.8887416,692800.308551779,25487,3173041008,JEMBATAN LIMA,317304,DKI JAKARTA,JAKARTA BARAT,TAMBORA,JEMBATAN LIMA,25893,DKI JAKARTA,JAKARTA BARAT,TAMBORA,JEMBATAN LIMA,1357,19,Aug,2021,Aug_2021,0.392305749582378,1.04253901443498,1.25808552792968,19.2633825638815,19.2633825638815
-3628597.08743591,693797.491050577,25488,3173041009,PEKOJAN,317304,DKI JAKARTA,JAKARTA BARAT,TAMBORA,PEKOJAN,28357,DKI JAKARTA,JAKARTA BARAT,TAMBORA,PEKOJAN,1799,32,Aug,2021,Aug_2021,0.983419130193703,0.351208259553957,1.31921876427248,19.2185443746155,19.2185443746155
-3627893.24677827,693977.860943399,25489,3173041010,ROA MALAKA,317304,DKI JAKARTA,JAKARTA BARAT,TAMBORA,ROA MALAKA,4003,DKI JAKARTA,JAKARTA BARAT,TAMBORA,ROA MALAKA,275,7,Aug,2021,Aug_2021,0.257201930747516,0.68931383633323,2.03323982582423,19.9249454692762,19.9249454692762
-3628275.10413934,690968.198149184,25490,3173041011,DURI SELATAN,317304,DKI JAKARTA,JAKARTA BARAT,TAMBORA,DURI SELATAN,17493,DKI JAKARTA,JAKARTA BARAT,TAMBORA,DURI SELATAN,863,17,Aug,2021,Aug_2021,0.638304013757135,0.394623465860062,0.499537270575798,19.716089884477,19.716089884477
-3616539.09653907,685389.390322031,25588,3175021003,CIPINANG,317502,DKI JAKARTA,JAKARTA TIMUR,PULOGADUNG,CIPINANG,48703,DKI JAKARTA,JAKARTA TIMUR,PULO GADUNG,CIPINANG,3575,75,Aug,2021,Aug_2021,3.44057852116845,0.440469315419509,1.03819913502221,32.335555046662,32.335555046662
-3632241.04158133,685923.882227825,25491,3173051001,KEBON JERUK,317305,DKI JAKARTA,JAKARTA BARAT,KEBON JERUK,KEBON JERUK,65682,DKI JAKARTA,JAKARTA BARAT,KEBON JERUK,KEBON JERUK,5054,84,Aug,2021,Aug_2021,0.324149468287487,1.84981862946748,0.423627890977661,17.3629943288963,17.3629943288963
-3642139.52674725,691091.585000431,25498,3173061001,KALIDERES,317306,DKI JAKARTA,JAKARTA BARAT,KALIDERES,KALIDERES,88802,DKI JAKARTA,JAKARTA BARAT,KALI DERES,KALIDERES,4705,83,Aug,2021,Aug_2021,2.06406650964818,1.3338079475738,2.26255840812174,6.2051234728411,6.2051234728411
-3641614.06701735,689138.07429271,25499,3173061002,SEMANAN,317306,DKI JAKARTA,JAKARTA BARAT,KALIDERES,SEMANAN,88097,DKI JAKARTA,JAKARTA BARAT,KALI DERES,SEMANAN,2626,54,Aug,2021,Aug_2021,0.13829734088743,0.743464503549058,4.13056964109854,7.63897631228558,7.63897631228558
-3640931.68473656,695725.609785959,25500,3173061003,TEGAL ALUR,317306,DKI JAKARTA,JAKARTA BARAT,KALIDERES,TEGAL ALUR,103199,DKI JAKARTA,JAKARTA BARAT,KALI DERES,TEGAL ALUR,4485,75,Aug,2021,Aug_2021,5.97954759969324,1.21657950205331,2.51324252742905,7.20341333237349,7.20341333237349
-3642599.38593536,697562.508561284,25501,3173061004,KAMAL,317306,DKI JAKARTA,JAKARTA BARAT,KALIDERES,KAMAL,65858,DKI JAKARTA,JAKARTA BARAT,KALI DERES,KAMAL,1602,37,Aug,2021,Aug_2021,8.46055894621103,0.624916716452827,4.40518627011708,6.52899222713586,6.52899222713586
-3628432.87721673,686351.431840908,25504,3173071002,SLIPI,317307,DKI JAKARTA,JAKARTA BARAT,PAL MERAH,SLIPI,20457,DKI JAKARTA,JAKARTA BARAT,PALMERAH,SLIPI,2135,30,Aug,2021,Aug_2021,1.66527462678903,0.907956539315623,0.738825060144102,20.6931726421387,20.6931726421387
-3628225.71211478,687748.164485112,25505,3173071003,KOTA BAMBU UTARA,317307,DKI JAKARTA,JAKARTA BARAT,PAL MERAH,KOTA BAMBU UTARA,31468,DKI JAKARTA,JAKARTA BARAT,PALMERAH,KOTA BAMBU UTARA,1622,34,Aug,2021,Aug_2021,0.988907366799545,1.02221505545442,2.08879593780498,20.4445690450059,20.4445690450059
-3628285.27809858,688374.141386887,25506,3173071004,JATIPULO,317307,DKI JAKARTA,JAKARTA BARAT,PAL MERAH,JATIPULO,35771,DKI JAKARTA,JAKARTA BARAT,PALMERAH,JATI PULO,1748,47,Aug,2021,Aug_2021,1.32537180968524,1.61102338815597,2.00262817031696,20.2166946832766,20.2166946832766
-3629778.08210031,686802.513364267,25507,3173071005,KEMANGGISAN,317307,DKI JAKARTA,JAKARTA BARAT,PAL MERAH,KEMANGGISAN,39419,DKI JAKARTA,JAKARTA BARAT,PALMERAH,KEMANGGISAN,3016,60,Aug,2021,Aug_2021,1.09418576182475,0.780636665518668,0.835059343218673,19.2752527853933,19.2752527853933
-3637175.62643086,683728.939591959,25511,3173081003,MERUYA SELATAN,317308,DKI JAKARTA,JAKARTA BARAT,KEMBANGAN,MERUYA SELATAN,39306,DKI JAKARTA,JAKARTA BARAT,KEMBANGAN,MERUYA SELATAN,3130,44,Aug,2021,Aug_2021,0.547759728457004,1.69345709388393,3.46070947678582,14.4580290298846,14.4580290298846
-3621826.77032064,681426.180803376,25516,3174011002,TEBET BARAT,317401,DKI JAKARTA,JAKARTA SELATAN,TEBET,TEBET BARAT,25585,DKI JAKARTA,JAKARTA SELATAN,TEBET,TEBET BARAT,2925,37,Aug,2021,Aug_2021,2.61724589696825,0.658377292962296,0.754935420071402,28.6983122724772,28.6983122724772
-3636423.61359277,682492.874552257,25513,3173081005,JOGLO,317308,DKI JAKARTA,JAKARTA BARAT,KEMBANGAN,JOGLO,49663,DKI JAKARTA,JAKARTA BARAT,KEMBANGAN,JOGLO,3546,39,Aug,2021,Aug_2021,0.410834654059381,1.99277072313978,3.87617846167301,15.8445578187818,15.8445578187818
-3636633.76228047,686813.779816716,25514,3173081006,KEMBANGAN SELATAN,317308,DKI JAKARTA,JAKARTA BARAT,KEMBANGAN,KEMBANGAN SELATAN,32372,DKI JAKARTA,JAKARTA BARAT,KEMBANGAN,KEMBANGAN SELATAN,2273,26,Aug,2021,Aug_2021,0.428556871885828,1.23568156896938,2.75960572241859,13.0796444380593,13.0796444380593
-3620981.86606101,681637.319967696,25515,3174011001,TEBET TIMUR,317401,DKI JAKARTA,JAKARTA SELATAN,TEBET,TEBET TIMUR,21645,DKI JAKARTA,JAKARTA SELATAN,TEBET,TEBET TIMUR,2039,35,Aug,2021,Aug_2021,2.58487921890358,0.698834121670152,0.383285779583677,29.3789880611901,29.3789880611901
-3618585.52768678,681395.062203538,25597,3175031005,CIPINANG CEMPEDAK,317503,DKI JAKARTA,JAKARTA TIMUR,JATINEGARA,CIPINANG CEMPEDAK,39817,DKI JAKARTA,JAKARTA TIMUR,JATINEGARA,CIPINANG CEMPEDAK,2569,54,Aug,2021,Aug_2021,2.63288147645634,0.228123033049638,1.53177455218691,31.6752800606104,31.6752800606104
-3622887.08767542,681828.065382008,25517,3174011003,MENTENG DALAM,317401,DKI JAKARTA,JAKARTA SELATAN,TEBET,MENTENG DALAM,44673,DKI JAKARTA,JAKARTA SELATAN,TEBET,MENTENG DALAM,3063,51,Aug,2021,Aug_2021,1.96637501912506,0.637867539785809,0.797446971984014,27.5677796637111,27.5677796637111
-3620745.26178213,683296.264035765,25519,3174011005,BUKIT DURI,317401,DKI JAKARTA,JAKARTA SELATAN,TEBET,BUKIT DURI,42224,DKI JAKARTA,JAKARTA SELATAN,TEBET,BUKIT DURI,2362,32,Aug,2021,Aug_2021,1.25835564608627,1.49964391383645,1.48105132283044,28.9644022425184,28.9644022425184
-3621741.69291849,684254.149168983,25521,3174011007,MANGGARAI,317401,DKI JAKARTA,JAKARTA SELATAN,TEBET,MANGGARAI,35357,DKI JAKARTA,JAKARTA SELATAN,TEBET,MANGGARAI,1787,24,Aug,2021,Aug_2021,0.444645836929636,0.721859848587616,0.974043074026495,27.6976557255972,27.6976557255972
-3624927.69695126,684012.263360662,25525,3174021004,KARET,317402,DKI JAKARTA,JAKARTA SELATAN,SETIABUDI,KARET,11747,DKI JAKARTA,JAKARTA SELATAN,SETIA BUDI,KARET,1027,10,Aug,2021,Aug_2021,0.820691954110996,1.39081780941476,2.00768691335319,24.8143915014601,24.8143915014601
-3623651.68988874,674228.80958622,25536,3174041002,JATI PADANG,317404,DKI JAKARTA,JAKARTA SELATAN,PASAR MINGGU,JATI PADANG,45928,DKI JAKARTA,JAKARTA SELATAN,PASAR MINGGU,JATI PADANG,3383,59,Aug,2021,Aug_2021,2.56291294450671,0.836819757609611,1.68356685193476,30.9402116331844,30.9402116331844
-3625844.94096881,679374.305021589,25532,3174031003,PELA MAMPANG,317403,DKI JAKARTA,JAKARTA SELATAN,MAMPANG PRAPATAN,PELA MAMPANG,53495,DKI JAKARTA,JAKARTA SELATAN,MAMPANG PRAPATAN,PELA MAMPANG,3936,66,Aug,2021,Aug_2021,0.513934935864833,2.29762949200216,3.39293500374399,26.1737247978829,26.1737247978829
-3624277.38188864,679437.492667318,25533,3174031004,TEGAL PARANG,317403,DKI JAKARTA,JAKARTA SELATAN,MAMPANG PRAPATAN,TEGAL PARANG,39961,DKI JAKARTA,JAKARTA SELATAN,MAMPANG PRAPATAN,TEGAL PARANG,2442,43,Aug,2021,Aug_2021,1.65404981439461,1.17788526298775,1.83432685366822,27.4700704534887,27.4700704534887
-3625325.37296814,681051.684206955,25534,3174031005,KUNINGAN BARAT,317403,DKI JAKARTA,JAKARTA SELATAN,MAMPANG PRAPATAN,KUNINGAN BARAT,15788,DKI JAKARTA,JAKARTA SELATAN,MAMPANG PRAPATAN,KUNINGAN BARAT,982,9,Aug,2021,Aug_2021,1.4241397364472,1.59391744115657,2.77398816601721,25.7536411483494,25.7536411483494
-3622537.55351106,674171.752323637,25535,3174041001,PASAR MINGGU,317404,DKI JAKARTA,JAKARTA SELATAN,PASAR MINGGU,PASAR MINGGU,30208,DKI JAKARTA,JAKARTA SELATAN,PASAR MINGGU,PASAR MINGGU,2890,49,Aug,2021,Aug_2021,2.52248823055663,0.372001791788398,0.569119898939457,31.8599930829236,31.8599930829236
-3626051.48156557,673738.292133483,25537,3174041003,CILANDAK TIMUR,317404,DKI JAKARTA,JAKARTA SELATAN,PASAR MINGGU,CILANDAK TIMUR,31320,DKI JAKARTA,JAKARTA SELATAN,PASAR MINGGU,CILANDAK TIMUR,2857,31,Aug,2021,Aug_2021,2.44439905023433,0.247428163804547,2.59401006108765,29.4094716232576,29.4094716232576
-3630621.94548175,675392.336662334,25543,3174051002,PONDOK PINANG,317405,DKI JAKARTA,JAKARTA SELATAN,KEBAYORAN LAMA,PONDOK PINANG,67733,DKI JAKARTA,JAKARTA SELATAN,KEBAYORAN LAMA,PONDOK PINANG,4734,71,Aug,2021,Aug_2021,2.36314441457726,1.79994323925368,2.31913275524132,24.9586825195457,24.9586825195457
-3630085.88131596,683186.166934941,25545,3174051004,GROGOL UTARA,317405,DKI JAKARTA,JAKARTA SELATAN,KEBAYORAN LAMA,GROGOL UTARA,52471,DKI JAKARTA,JAKARTA SELATAN,KEBAYORAN LAMA,GROGOL UTARA,3012,57,Aug,2021,Aug_2021,0.866170725909517,0.499203250083626,0.816121436384299,20.5615087945355,20.5615087945355
-3630803.96718555,678257.360879963,25547,3174051006,KEBAYORAN LAMA SELATAN,317405,DKI JAKARTA,JAKARTA SELATAN,KEBAYORAN LAMA,KEBAYORAN LAMA SELATAN,50130,DKI JAKARTA,JAKARTA SELATAN,KEBAYORAN LAMA,KEBAYORAN LAMA SELATAN,3479,67,Aug,2021,Aug_2021,0.508193176849492,0.359445027320782,0.582422284677973,22.8562954684559,22.8562954684559
-3628102.83758622,673679.56658002,25548,3174061001,CILANDAK BARAT,317406,DKI JAKARTA,JAKARTA SELATAN,CILANDAK,CILANDAK BARAT,62119,DKI JAKARTA,JAKARTA SELATAN,CILANDAK,CILANDAK BARAT,5327,67,Aug,2021,Aug_2021,1.22083126753126,1.28089002169054,1.36655202283561,27.9500794237847,27.9500794237847
-3630379.23788434,672102.786204075,25549,3174061002,LEBAK BULUS,317406,DKI JAKARTA,JAKARTA SELATAN,CILANDAK,LEBAK BULUS,44645,DKI JAKARTA,JAKARTA SELATAN,CILANDAK,LEBAK BULUS,3922,54,Aug,2021,Aug_2021,0.244184824565692,1.231508744152,3.59202900895508,27.5658142649996,27.5658142649996
-3627848.76710628,679609.965618826,25553,3174071001,MELAWAI,317407,DKI JAKARTA,JAKARTA SELATAN,KEBAYORAN BARU,MELAWAI,3173,DKI JAKARTA,JAKARTA SELATAN,KEBAYORAN BARU,MELAWAI,452,4,Aug,2021,Aug_2021,1.44034863709527,1.00328399833997,2.42032234050315,24.3771016603745,24.3771016603745
-3629178.33209804,680784.65761961,25554,3174071002,GUNUNG,317407,DKI JAKARTA,JAKARTA SELATAN,KEBAYORAN BARU,GUNUNG,11180,DKI JAKARTA,JAKARTA SELATAN,KEBAYORAN BARU,GUNUNG,2330,25,Aug,2021,Aug_2021,0.86875142810873,0.321533538869547,2.21748074340539,22.6178744091746,22.6178744091746
-3629141.41580799,679625.988056651,25555,3174071003,KRAMAT PELA,317407,DKI JAKARTA,JAKARTA SELATAN,KEBAYORAN BARU,KRAMAT PELA,17564,DKI JAKARTA,JAKARTA SELATAN,KEBAYORAN BARU,KRAMAT PELA,1058,10,Aug,2021,Aug_2021,0.288763377826902,0.498418981985426,1.90505230013493,23.3082504993087,23.3082504993087
-3627646.42931882,681119.696893338,25556,3174071004,SELONG,317407,DKI JAKARTA,JAKARTA SELATAN,KEBAYORAN BARU,SELONG,3381,DKI JAKARTA,JAKARTA SELATAN,KEBAYORAN BARU,SELONG,396,6,Aug,2021,Aug_2021,2.00747561991969,0.83180095891636,2.86491398061649,23.7178686944286,23.7178686944286
-3626506.56273443,680918.164469838,25557,3174071005,RAWA BARAT,317407,DKI JAKARTA,JAKARTA SELATAN,KEBAYORAN BARU,RAWA BARAT,6646,DKI JAKARTA,JAKARTA SELATAN,KEBAYORAN BARU,RAWA BARAT,590,8,Aug,2021,Aug_2021,1.16649370280261,0.628950421247058,3.00615485793223,24.7968961779098,24.7968961779098
-3626698.98794886,680006.454341493,25560,3174071008,PETOGOGAN,317407,DKI JAKARTA,JAKARTA SELATAN,KEBAYORAN BARU,PETOGOGAN,14002,DKI JAKARTA,JAKARTA SELATAN,KEBAYORAN BARU,PETOGOGAN,1071,14,Aug,2021,Aug_2021,0.652640892052711,1.43284070166592,3.51361329458988,25.1133409206577,25.1133409206577
-3627412.98863617,677522.629798976,25562,3174071010,CIPETE UTARA,317407,DKI JAKARTA,JAKARTA SELATAN,KEBAYORAN BARU,CIPETE UTARA,41755,DKI JAKARTA,JAKARTA SELATAN,KEBAYORAN BARU,CIPETE UTARA,2780,50,Aug,2021,Aug_2021,2.46138482859227,0.452463354679567,1.9790467084259,25.9500354624368,25.9500354624368
-3622784.29088947,679711.710601886,25563,3174081001,PANCORAN,317408,DKI JAKARTA,JAKARTA SELATAN,PANCORAN,PANCORAN,23908,DKI JAKARTA,JAKARTA SELATAN,PANCORAN,PANCORAN,2033,32,Aug,2021,Aug_2021,0.759994892768107,0.499496320301646,0.545029611759993,28.6256536636215,28.6256536636215
-3623435.48207712,678565.062880263,25566,3174081004,DUREN TIGA,317408,DKI JAKARTA,JAKARTA SELATAN,PANCORAN,DUREN TIGA,34105,DKI JAKARTA,JAKARTA SELATAN,PANCORAN,DUREN TIGA,2423,36,Aug,2021,Aug_2021,0.838126840879358,0.715619382124854,1.21860522962722,28.6429731026983,28.6429731026983
-3620859.73066967,679608.876605396,25567,3174081005,PENGADEGAN,317408,DKI JAKARTA,JAKARTA SELATAN,PANCORAN,PENGADEGAN,25641,DKI JAKARTA,JAKARTA SELATAN,PANCORAN,PENGADEGAN,2175,37,Aug,2021,Aug_2021,1.94727011243301,0.949591981562377,1.62333193564253,30.370115221767,30.370115221767
-3621022.11152395,680160.014998759,25568,3174081006,CIKOKO,317408,DKI JAKARTA,JAKARTA SELATAN,PANCORAN,CIKOKO,13083,DKI JAKARTA,JAKARTA SELATAN,PANCORAN,CIKOKO,1121,13,Aug,2021,Aug_2021,2.06024153390721,0.699443862490745,1.15184798857681,29.9749393464434,29.9749393464434
-3623977.79586223,666357.743700919,25570,3174091002,SRENGSENG SAWAH,317409,DKI JAKARTA,JAKARTA SELATAN,JAGAKARSA,SRENGSENG SAWAH,70377,DKI JAKARTA,JAKARTA SELATAN,JAGAKARSA,SRENGSENG SAWAH,5155,80,Aug,2021,Aug_2021,1.18397475374362,0.549427378511357,1.75901173651834,36.0993143624536,36.0993143624536
-3626167.50470532,667782.427926772,25571,3174091003,CIGANJUR,317409,DKI JAKARTA,JAKARTA SELATAN,JAGAKARSA,CIGANJUR,46102,DKI JAKARTA,JAKARTA SELATAN,JAGAKARSA,CIGANJUR,4009,54,Aug,2021,Aug_2021,3.74327096934326,0.558067362998164,1.76793128193921,33.5846343066714,33.5846343066714
-3621352.94782665,672017.195706055,25573,3174091005,TANJUNG BARAT,317409,DKI JAKARTA,JAKARTA SELATAN,JAGAKARSA,TANJUNG BARAT,48232,DKI JAKARTA,JAKARTA SELATAN,JAGAKARSA,TANJUNG BARAT,3175,56,Aug,2021,Aug_2021,1.38203071709345,1.60750154379197,2.17164213763626,34.1147015017906,34.1147015017906
-3633428.61752469,677816.111312228,25575,3174101001,PESANGGRAHAN,317410,DKI JAKARTA,JAKARTA SELATAN,PESANGGRAHAN,PESANGGRAHAN,33717,DKI JAKARTA,JAKARTA SELATAN,PESANGGRAHAN,PESANGGRAHAN,2405,33,Aug,2021,Aug_2021,0.348285678358811,0.661814729492617,1.41532597179615,21.2663952015691,21.2663952015691
-3634730.02581316,681265.117253492,25577,3174101003,PETUKANGAN UTARA,317410,DKI JAKARTA,JAKARTA SELATAN,PESANGGRAHAN,PETUKANGAN UTARA,65647,DKI JAKARTA,JAKARTA SELATAN,PESANGGRAHAN,PETUKANGAN UTARA,3958,47,Aug,2021,Aug_2021,1.03147679106252,0.212983828982698,1.80290572625146,17.9229481153499,17.9229481153499
-3615760.20618652,688682.053825879,25586,3175021001,PULO GADUNG,317502,DKI JAKARTA,JAKARTA TIMUR,PULOGADUNG,PULO GADUNG,42357,DKI JAKARTA,JAKARTA TIMUR,PULO GADUNG,PULO GADUNG,2576,45,Aug,2021,Aug_2021,6.19435515914553,0.281919940149055,1.62463185443862,32.4296343440639,32.4296343440639
-3633056.78265516,680485.034684352,25579,3174101005,ULUJAMI,317410,DKI JAKARTA,JAKARTA SELATAN,PESANGGRAHAN,ULUJAMI,50117,DKI JAKARTA,JAKARTA SELATAN,PESANGGRAHAN,ULUJAMI,3171,55,Aug,2021,Aug_2021,0.298612232798015,0.690942715541584,0.0440792194727664,19.6954319908893,19.6954319908893
-3619675.0777178,686754.421509339,25581,3175011002,UTAN KAYU UTARA,317501,DKI JAKARTA,JAKARTA TIMUR,MATRAMAN,UTAN KAYU UTARA,34735,DKI JAKARTA,JAKARTA TIMUR,MATRAMAN,UTAN KAYU UTARA,2295,60,Aug,2021,Aug_2021,2.93179006232614,0.391442059716233,1.56837538338135,28.9604705205706,28.9604705205706
-3620383.97068783,685771.181168155,25582,3175011003,KAYU MANIS,317501,DKI JAKARTA,JAKARTA TIMUR,MATRAMAN,KAYU MANIS,31146,DKI JAKARTA,JAKARTA TIMUR,MATRAMAN,KAYU MANIS,2367,40,Aug,2021,Aug_2021,1.90248548002148,0.108762341720778,0.567413224702133,28.5262301823415,28.5262301823415
-3620806.19917999,685629.348378237,25583,3175011004,PALMERIAM,317501,DKI JAKARTA,JAKARTA TIMUR,MATRAMAN,PALMERIAM,24456,DKI JAKARTA,JAKARTA TIMUR,MATRAMAN,PAL MERIAM,1670,29,Aug,2021,Aug_2021,1.48294461490187,0.403053557479981,0.146177301615419,28.1602773851634,28.1602773851634
-3617801.03236693,686845.752538963,25590,3175021005,RAWAMANGUN,317502,DKI JAKARTA,JAKARTA TIMUR,PULOGADUNG,RAWAMANGUN,46034,DKI JAKARTA,JAKARTA TIMUR,PULO GADUNG,RAWAMANGUN,3599,71,Aug,2021,Aug_2021,3.51850161805016,0.300509699891962,1.35069770555594,30.7643986560887,30.7643986560887
-3617783.23112567,689013.046027892,25591,3175021006,KAYU PUTIH,317502,DKI JAKARTA,JAKARTA TIMUR,PULOGADUNG,KAYU PUTIH,49147,DKI JAKARTA,JAKARTA TIMUR,PULO GADUNG,KAYU PUTIH,3960,62,Aug,2021,Aug_2021,4.90087021579022,0.80843050965352,1.58174755432826,30.3798184347489,30.3798184347489
-3620391.05506903,683869.263045689,25593,3175031001,KAMPUNG MELAYU,317503,DKI JAKARTA,JAKARTA TIMUR,JATINEGARA,KAMPUNG MELAYU,31954,DKI JAKARTA,JAKARTA TIMUR,JATINEGARA,KAMPUNG MELAYU,1480,18,Aug,2021,Aug_2021,0.789683939541978,1.19001173316507,1.71086565755391,29.0990990441839,29.0990990441839
-3619470.95378101,681553.17329676,25594,3175031002,BIDARA CINA,317503,DKI JAKARTA,JAKARTA TIMUR,JATINEGARA,BIDARA CINA,45194,DKI JAKARTA,JAKARTA TIMUR,JATINEGARA,BIDARA CINA,3007,59,Aug,2021,Aug_2021,2.27417091942111,0.901289259610437,1.36781025366449,30.7979247075426,30.7979247075426
-3619691.58677681,683608.460535759,25595,3175031003,BALI MESTER,317503,DKI JAKARTA,JAKARTA TIMUR,JATINEGARA,BALI MESTER,11695,DKI JAKARTA,JAKARTA TIMUR,JATINEGARA,BALI MESTER,857,17,Aug,2021,Aug_2021,0.232710505750854,0.920529575730169,1.5884202571222,29.8455149303358,29.8455149303358
-3618595.69267424,676501.157723984,25601,3175041001,KRAMATJATI,317504,DKI JAKARTA,JAKARTA TIMUR,KRAMATJATI,KRAMATJATI,42031,DKI JAKARTA,JAKARTA TIMUR,KRAMAT JATI,KRAMAT JATI,3393,67,Aug,2021,Aug_2021,3.2237952778648,1.14239955313161,4.04533193561025,33.8548109005385,33.8548109005385
-3617779.37473134,676351.017048222,25627,3175081001,MAKASAR,317508,DKI JAKARTA,JAKARTA TIMUR,MAKASAR,MAKASAR,42584,DKI JAKARTA,JAKARTA TIMUR,MAKASAR,MAKASAR,3529,59,Aug,2021,Aug_2021,3.99260179499611,0.960034777254505,3.44892881324739,34.6363358382182,34.6363358382182
-3619818.61538259,675805.538972156,25604,3175041004,BATU AMPAR,317504,DKI JAKARTA,JAKARTA TIMUR,KRAMATJATI,BATU AMPAR,58890,DKI JAKARTA,JAKARTA TIMUR,KRAMAT JATI,BATU AMPAR,3787,74,Aug,2021,Aug_2021,2.14785195353291,1.72328463108589,2.74891690531939,33.1730687729175,33.1730687729175
-3619293.29932094,679510.037720895,25607,3175041007,CAWANG,317504,DKI JAKARTA,JAKARTA TIMUR,KRAMATJATI,CAWANG,40643,DKI JAKARTA,JAKARTA TIMUR,KRAMAT JATI,CAWANG,3192,42,Aug,2021,Aug_2021,3.44601843189819,1.81081874159366,2.34313587011853,31.8122504730758,31.8122504730758
-3619770.55168176,672820.143167331,25608,3175051001,GEDONG,317505,DKI JAKARTA,JAKARTA TIMUR,PASAR REBO,GEDONG,44099,DKI JAKARTA,JAKARTA TIMUR,PASAR REBO,GEDONG,3281,64,Aug,2021,Aug_2021,3.14842584030455,0.168253554978235,2.54666043660095,34.8897809528392,34.8897809528392
-3621271.22321904,669676.863778374,25609,3175051002,BARU,317505,DKI JAKARTA,JAKARTA TIMUR,PASAR REBO,BARU,29389,DKI JAKARTA,JAKARTA TIMUR,PASAR REBO,BARU,2665,39,Aug,2021,Aug_2021,1.96297830890974,1.18968102813353,1.44789647602697,35.6808716983972,35.6808716983972
-3619798.83046626,670120.227007407,25610,3175051003,CIJANTUNG,317505,DKI JAKARTA,JAKARTA TIMUR,PASAR REBO,CIJANTUNG,50571,DKI JAKARTA,JAKARTA TIMUR,PASAR REBO,CIJANTUNG,3892,82,Aug,2021,Aug_2021,2.90106008340962,0.200945014921611,0.62124747408494,36.5157625014412,36.5157625014412
-3618822.46771553,667203.7850642,25612,3175051005,PEKAYON,317505,DKI JAKARTA,JAKARTA TIMUR,PASAR REBO,PEKAYON,53410,DKI JAKARTA,JAKARTA TIMUR,PASAR REBO,PEKAYON,3290,47,Aug,2021,Aug_2021,4.80589509110655,0.403410441343826,2.14983061711865,39.1538519294607,39.1538519294607
-3613331.29623024,686150.84587196,25613,3175061001,JATINEGARA,317506,DKI JAKARTA,JAKARTA TIMUR,CAKUNG,JATINEGARA,105365,DKI JAKARTA,JAKARTA TIMUR,CAKUNG,JATINEGARA,4103,72,Aug,2021,Aug_2021,3.64293792223447,2.31812362415788,1.74160135761331,35.2789425354908,35.2789425354908
-3612932.48192427,688691.365038572,25614,3175061002,RAWA TERATE,317506,DKI JAKARTA,JAKARTA TIMUR,CAKUNG,RAWA TERATE,31569,DKI JAKARTA,JAKARTA TIMUR,CAKUNG,RAWA TERATE,1009,20,Aug,2021,Aug_2021,5.05049995478376,2.29748887602938,1.94998810804785,35.2259537561739,35.2259537561739
-3610850.71655849,686061.715658572,25615,3175061003,PENGGILINGAN,317506,DKI JAKARTA,JAKARTA TIMUR,CAKUNG,PENGGILINGAN,120083,DKI JAKARTA,JAKARTA TIMUR,CAKUNG,PENGGILINGAN,5512,103,Aug,2021,Aug_2021,1.71852942369917,2.5611266225163,2.18375347585103,37.7249301838659,37.7249301838659
-3608502.09666388,690757.606857141,25616,3175061004,CAKUNG TIMUR,317506,DKI JAKARTA,JAKARTA TIMUR,CAKUNG,CAKUNG TIMUR,73270,DKI JAKARTA,JAKARTA TIMUR,CAKUNG,CAKUNG TIMUR,2858,54,Aug,2021,Aug_2021,6.41965170859434,4.63339390369807,3.30477407012009,39.4152188853104,39.4152188853104
-3608505.49641218,686316.821823841,25617,3175061005,PULO GEBANG,317506,DKI JAKARTA,JAKARTA TIMUR,CAKUNG,PULO GEBANG,117589,DKI JAKARTA,JAKARTA TIMUR,CAKUNG,PULO GEBANG,5059,98,Aug,2021,Aug_2021,2.37218292793608,2.80967059222583,2.8032787921546,39.9783179760968,39.9783179760968
-3607446.54384874,688845.838026961,25618,3175061006,UJUNG MENTENG,317506,DKI JAKARTA,JAKARTA TIMUR,CAKUNG,UJUNG MENTENG,36390,DKI JAKARTA,JAKARTA TIMUR,CAKUNG,UJUNG MENTENG,1790,28,Aug,2021,Aug_2021,5.04797714384157,5.53048886642422,2.22983747545965,40.6471767527786,40.6471767527786
-3611162.86023788,690282.43870773,25619,3175061007,CAKUNG BARAT,317506,DKI JAKARTA,JAKARTA TIMUR,CAKUNG,CAKUNG BARAT,72686,DKI JAKARTA,JAKARTA TIMUR,CAKUNG,CAKUNG BARAT,2081,25,Aug,2021,Aug_2021,5.85391982570928,2.49097884896787,3.43086860787611,36.8016894024414,36.8016894024414
-3614944.36026539,682009.436255653,25621,3175071002,PONDOK BAMBU,317507,DKI JAKARTA,JAKARTA TIMUR,DUREN SAWIT,PONDOK BAMBU,75193,DKI JAKARTA,JAKARTA TIMUR,DUREN SAWIT,PONDOK BAMBU,5496,107,Aug,2021,Aug_2021,4.99910166616036,0.734594507780351,0.568413925332624,34.8542260585062,34.8542260585062
-3610829.1506864,681158.0356489,25623,3175071004,PONDOK KELAPA,317507,DKI JAKARTA,JAKARTA TIMUR,DUREN SAWIT,PONDOK KELAPA,86731,DKI JAKARTA,JAKARTA TIMUR,DUREN SAWIT,PONDOK KELAPA,5342,94,Aug,2021,Aug_2021,3.45861950733803,0.900613266210894,1.46415668252929,39.0224420270884,39.0224420270884
-3611537.90029308,683624.587540896,25624,3175071005,MALAKA SARI,317507,DKI JAKARTA,JAKARTA TIMUR,DUREN SAWIT,MALAKA SARI,33599,DKI JAKARTA,JAKARTA TIMUR,DUREN SAWIT,MALAKA SARI,2845,67,Aug,2021,Aug_2021,1.72743314318883,0.818417679813321,1.41289429843791,37.6235063048419,37.6235063048419
-3610682.98571805,683671.346849725,25625,3175071006,MALAKA JAYA,317507,DKI JAKARTA,JAKARTA TIMUR,DUREN SAWIT,MALAKA JAYA,38024,DKI JAKARTA,JAKARTA TIMUR,DUREN SAWIT,MALAKA JAYA,3043,56,Aug,2021,Aug_2021,1.05772544101355,0.280384217645876,0.674874799505044,38.4363801962327,38.4363801962327
-3615748.02514258,677806.120268164,25630,3175081004,HALIM PERDANA KUSUMA,317508,DKI JAKARTA,JAKARTA TIMUR,MAKASAR,HALIM PERDANA KUSUMA,35653,DKI JAKARTA,JAKARTA TIMUR,MAKASAR,HALIM PERDANA KUSUMAH,4167,50,Aug,2021,Aug_2021,4.94609999750598,2.27868942083447,3.11591918810402,35.7455292256682,35.7455292256682
-3614180.78890312,679984.629463343,25631,3175081005,CIPINANG MELAYU,317508,DKI JAKARTA,JAKARTA TIMUR,MAKASAR,CIPINANG MELAYU,52190,DKI JAKARTA,JAKARTA TIMUR,MAKASAR,CIPINANG MELAYU,3386,68,Aug,2021,Aug_2021,6.13131426460408,0.420943782339296,2.32869354521196,36.2855150981264,36.2855150981264
-3616350.50106478,665784.923367289,25633,3175091002,CIBUBUR,317509,DKI JAKARTA,JAKARTA TIMUR,CIRACAS,CIBUBUR,79968,DKI JAKARTA,JAKARTA TIMUR,CIRACAS,CIBUBUR,5846,75,Aug,2021,Aug_2021,6.33795064046836,0.492500760460308,1.67796372061395,41.9471401389085,41.9471401389085
-3616392.88478297,667863.097527848,25634,3175091003,KELAPA DUA WETAN,317509,DKI JAKARTA,JAKARTA TIMUR,CIRACAS,KELAPA DUA WETAN,56330,DKI JAKARTA,JAKARTA TIMUR,CIRACAS,KELAPA DUA WETAN,4440,66,Aug,2021,Aug_2021,5.02823495487232,0.491778303850145,0.507961848471883,40.5828714130097,40.5828714130097
-3618513.34278576,670978.236903697,25635,3175091004,SUSUKAN,317509,DKI JAKARTA,JAKARTA TIMUR,CIRACAS,SUSUKAN,46394,DKI JAKARTA,JAKARTA TIMUR,CIRACAS,SUSUKAN,3250,67,Aug,2021,Aug_2021,3.26944273938523,0.888474507384443,1.84554428671535,36.9956398603944,36.9956398603944
-3617536.19271162,672277.396795323,25636,3175091005,RAMBUTAN,317509,DKI JAKARTA,JAKARTA TIMUR,CIRACAS,RAMBUTAN,45470,DKI JAKARTA,JAKARTA TIMUR,CIRACAS,RAMBUTAN,2928,51,Aug,2021,Aug_2021,1.79341731258001,0.737539709964553,2.84705723708776,37.0285090010892,37.0285090010892
-3613109.59755059,669127.413442308,25638,3175101002,CILANGKAP,317510,DKI JAKARTA,JAKARTA TIMUR,CIPAYUNG,CILANGKAP,33198,DKI JAKARTA,JAKARTA TIMUR,CIPAYUNG,CILANGKAP,3287,27,Aug,2021,Aug_2021,3.26595324970493,3.14514166062947,2.55665549886671,42.4608872820144,42.4608872820144
-3613016.806862,666341.491934175,25639,3175101003,PONDOK RANGGON,317510,DKI JAKARTA,JAKARTA TIMUR,CIPAYUNG,PONDOK RANGGON,30351,DKI JAKARTA,JAKARTA TIMUR,CIPAYUNG,PONDOK RANGGON,2749,18,Aug,2021,Aug_2021,3.00489848725163,3.21602601201626,2.37255380194815,44.17787453822,44.17787453822
-3614474.71652683,666830.306726339,25640,3175101004,MUNJUL,317510,DKI JAKARTA,JAKARTA TIMUR,CIPAYUNG,MUNJUL,28722,DKI JAKARTA,JAKARTA TIMUR,CIPAYUNG,MUNJUL,2742,36,Aug,2021,Aug_2021,4.27435787051416,1.69924563974531,1.7419755411151,42.7270645571404,42.7270645571404
-3612628.10614939,671770.155655528,25641,3175101005,SETU,317510,DKI JAKARTA,JAKARTA TIMUR,CIPAYUNG,SETU,24722,DKI JAKARTA,JAKARTA TIMUR,CIPAYUNG,SETU,1954,14,Aug,2021,Aug_2021,3.39237069596119,3.44967609716908,3.71922838267211,41.4086200496191,41.4086200496191
-3614140.09325186,671865.069221107,25642,3175101006,BAMBU APUS,317510,DKI JAKARTA,JAKARTA TIMUR,CIPAYUNG,BAMBU APUS,31774,DKI JAKARTA,JAKARTA TIMUR,CIPAYUNG,BAMBU APUS,2986,30,Aug,2021,Aug_2021,1.97040803822922,2.42296104112758,3.06641811854259,40.080191180863,40.080191180863
-3614150.84573296,674195.080706282,25643,3175101007,LUBANG BUAYA,317510,DKI JAKARTA,JAKARTA TIMUR,CIPAYUNG,LUBANG BUAYA,77650,DKI JAKARTA,JAKARTA TIMUR,CIPAYUNG,LUBANG BUAYA,5629,69,Aug,2021,Aug_2021,2.15278952764016,1.01519931386529,0.857438876647611,38.8566213958734,38.8566213958734
-3615399.24780803,672257.789299123,25644,3175101008,CEGER,317510,DKI JAKARTA,JAKARTA TIMUR,CIPAYUNG,CEGER,23042,DKI JAKARTA,JAKARTA TIMUR,CIPAYUNG,CEGER,2047,29,Aug,2021,Aug_2021,0.747187921697729,1.4122374147201,2.73288431803134,38.8109047097823,38.8109047097823
