X,Y,OBJECT_ID,KODE_DESA,DESA,KODE,PROVINSI,KAB_KOTA,KECAMATAN,DESA_KELUR,JUMLAH_PEN,Nama_provinsi,nama_kota,nama_kecamatan,nama_kelurahan,POSITIF,Meninggal,PROX_ATTRACTION,PROX_KINDERGARTENS,PROX_TERMINAL,PROX_HEALTHCARE
-3627128.97677243,692083.510311368,25477,3173031006,KEAGUNGAN,317303,DKI JAKARTA,JAKARTA BARAT,TAMAN SARI,KEAGUNGAN,21609,DKI JAKARTA,JAKARTA BARAT,TAMAN SARI,KEAGUNGAN,1211,13,0.538239655567848,0.170838685005828,20.7412309761014,0.638543635647601
-3627326.75158001,692881.097037157,25478,3173031007,GLODOK,317303,DKI JAKARTA,JAKARTA BARAT,TAMAN SARI,GLODOK,9069,DKI JAKARTA,JAKARTA BARAT,TAMAN SARI,GLODOK,806,18,0.402897507808186,0.187559851699684,20.5005165203292,0.952998985695779
-3621508.54617087,689924.954624286,25397,3171031003,HARAPAN MULIA,317103,DKI JAKARTA,JAKARTA PUSAT,KEMAYORAN,HARAPAN MULIA,29085,DKI JAKARTA,JAKARTA PUSAT,KEMAYORAN,HARAPAN MULIA,1946,40,1.4805683476399,0.0842851336577298,26.5616761912617,1.72643880610367
-3620624.2519965,690303.155736008,25400,3171031006,CEMPAKA BARU,317103,DKI JAKARTA,JAKARTA PUSAT,KEMAYORAN,CEMPAKA BARU,41913,DKI JAKARTA,JAKARTA PUSAT,KEMAYORAN,CEMPAKA BARU,3020,66,1.79198301023142,0.279429336375651,27.3896288344177,0.894000935049005
-3624360.52626085,690316.267361694,25390,3171021001,PASAR BARU,317102,DKI JAKARTA,JAKARTA PUSAT,SAWAH BESAR,PASAR BARU,15793,DKI JAKARTA,JAKARTA PUSAT,SAWAH BESAR,PASAR BARU,1646,25,0.21115232708022,0.265757377380061,23.6829857307947,1.44618865829248
-3625164.36177694,691811.902461816,25391,3171021002,KARANG ANYAR,317102,DKI JAKARTA,JAKARTA PUSAT,SAWAH BESAR,KARANG ANYAR,33383,DKI JAKARTA,JAKARTA PUSAT,SAWAH BESAR,KARANG ANYAR,1916,37,0.657262444025197,0.463305655736961,22.7208077691187,0.804969648897572
-3625381.12250126,693399.807302115,25394,3171021005,MANGGA DUA SELATAN,317102,DKI JAKARTA,JAKARTA PUSAT,SAWAH BESAR,MANGGA DUA SELATAN,35906,DKI JAKARTA,JAKARTA PUSAT,SAWAH BESAR,MANGGA DUA SELATAN,1937,36,0.667929678635513,0.74562777556393,22.4344055943197,0.841304204523455
-3626870.14933294,690234.073520433,25386,3171011003,PETOJO UTARA,317101,DKI JAKARTA,JAKARTA PUSAT,GAMBIR,PETOJO UTARA,21828,DKI JAKARTA,JAKARTA PUSAT,GAMBIR,PETOJO UTARA,1434,24,1.4848353628183,0.169154558979071,21.2133644666301,0.475362706058684
-3623604.00594103,689027.027917683,25403,3171041001,SENEN,317104,DKI JAKARTA,JAKARTA PUSAT,SENEN,SENEN,8643,DKI JAKARTA,JAKARTA PUSAT,SENEN,SENEN,982,16,1.14307602507675,0.567485174434777,24.6388860939889,0.0931726551683398
-3622556.55494593,689713.104506081,25408,3171041006,BUNGUR,317104,DKI JAKARTA,JAKARTA PUSAT,SENEN,BUNGUR,23001,DKI JAKARTA,JAKARTA PUSAT,SENEN,BUNGUR,1436,26,1.54791613383538,0.836082489690026,25.555534611538,1.32881524311097
-3619380.27971028,689350.556963218,25409,3171051001,CEMPAKA PUTIH TIMUR,317105,DKI JAKARTA,JAKARTA PUSAT,CEMPAKA PUTIH,CEMPAKA PUTIH TIMUR,29735,DKI JAKARTA,JAKARTA PUSAT,CEMPAKA PUTIH,CEMPAKA PUTIH TIMUR,3093,54,3.35570053891948,1.2806907334426,28.7502648767547,0.680331020345915
-3619999.92862503,687407.743529129,25411,3171051003,RAWASARI,317105,DKI JAKARTA,JAKARTA PUSAT,CEMPAKA PUTIH,RAWASARI,27113,DKI JAKARTA,JAKARTA PUSAT,CEMPAKA PUTIH,RAWASARI,3282,38,3.35752446566322,0.499356214238705,28.4958408980969,0.891052432346348
-3624107.80894266,685749.889324811,25412,3171061001,MENTENG,317106,DKI JAKARTA,JAKARTA PUSAT,MENTENG,MENTENG,31780,DKI JAKARTA,JAKARTA PUSAT,MENTENG,MENTENG,2085,33,0.825398741824555,0.593713634489953,24.9730254687439,0.486658169566325
-3623458.15643402,687022.26517255,25414,3171061003,CIKINI,317106,DKI JAKARTA,JAKARTA PUSAT,MENTENG,CIKINI,10410,DKI JAKARTA,JAKARTA PUSAT,MENTENG,CIKINI,710,14,0.770227152894583,0.591060537200482,25.2292773261785,0.329868796468774
-3627805.24248617,686021.136061544,25420,3171071004,PETAMBURAN,317107,DKI JAKARTA,JAKARTA PUSAT,TANAH ABANG,PETAMBURAN,43497,DKI JAKARTA,JAKARTA PUSAT,TANAH ABANG,PETAMBURAN,2405,53,1.40289039188547,0.508083770501387,21.396931749557,0.460499646690539
-3626484.59961128,686082.963573559,25421,3171071005,KEBON MELATI,317107,DKI JAKARTA,JAKARTA PUSAT,TANAH ABANG,KEBON MELATI,41344,DKI JAKARTA,JAKARTA PUSAT,TANAH ABANG,KEBON MELATI,1959,41,0.476554847557766,0.399298729345691,22.6161409245471,1.48162281654396
-3621453.79698963,688731.941155962,25425,3171081002,KAMPUNG RAWA,317108,DKI JAKARTA,JAKARTA PUSAT,JOHAR BARU,KAMPUNG RAWA,27348,DKI JAKARTA,JAKARTA PUSAT,JOHAR BARU,KAMPUNG RAWA,1474,29,2.62438676929168,0.741341704975087,26.8067223559857,1.52933125930497
-3614564.60065251,696477.844290155,25441,3172031002,TUGU UTARA,317203,DKI JAKARTA,JAKARTA UTARA,KOJA,TUGU UTARA,86287,DKI JAKARTA,JAKARTA UTARA,KOJA,TUGU UTARA,4398,93,3.19970305387428,0.172420487169094,33.3742546696657,0.79112605412532
-3637793.48908033,696690.390396001,25429,3172011002,KAMAL MUARA,317201,DKI JAKARTA,JAKARTA UTARA,PENJARINGAN,KAMAL MUARA,15051,DKI JAKARTA,JAKARTA UTARA,PENJARINGAN,KAMAL MUARA,951,9,5.46761589218639,0.479015729379605,10.4865617985796,2.30553570990438
-3631077.3412653,696794.471525907,25432,3172011005,PLUIT,317201,DKI JAKARTA,JAKARTA UTARA,PENJARINGAN,PLUIT,55885,DKI JAKARTA,JAKARTA UTARA,PENJARINGAN,PLUIT,4132,46,3.31468982256876,0.384726900962679,17.0392324857756,1.9438141210935
-3614846.94765461,697817.448307228,25442,3172031003,LAGOA,317203,DKI JAKARTA,JAKARTA UTARA,KOJA,LAGOA,74851,DKI JAKARTA,JAKARTA UTARA,KOJA,LAGOA,3664,83,2.20486493725947,0.719229901559195,33.2362287585812,1.53915138904201
-3619873.2032023,695492.73252877,25435,3172021003,PAPANGGO,317202,DKI JAKARTA,JAKARTA UTARA,TANJUNG PRIOK,PAPANGGO,49062,DKI JAKARTA,JAKARTA UTARA,TANJUNG PRIOK,PAPANGGO,2257,37,2.38745678226528,0.523573993124245,28.0053935310449,1.21374716415861
-3617910.52131475,695403.99304723,25436,3172021004,SUNGAI BAMBU,317202,DKI JAKARTA,JAKARTA UTARA,TANJUNG PRIOK,SUNGAI BAMBU,37423,DKI JAKARTA,JAKARTA UTARA,TANJUNG PRIOK,SUNGAI BAMBU,2168,26,2.66212374731642,0.344270058945139,29.958413797108,0.130300762434205
-3617627.20158777,696905.563639,25437,3172021005,KEBON BAWANG,317202,DKI JAKARTA,JAKARTA UTARA,TANJUNG PRIOK,KEBON BAWANG,64447,DKI JAKARTA,JAKARTA UTARA,TANJUNG PRIOK,KEBON BAWANG,3950,58,1.50814743736613,0.256002810248731,30.3677665979372,1.15003972071772
-3619071.79389162,696496.13448659,25439,3172021007,WARAKAS,317202,DKI JAKARTA,JAKARTA UTARA,TANJUNG PRIOK,WARAKAS,56502,DKI JAKARTA,JAKARTA UTARA,TANJUNG PRIOK,WARAKAS,2985,44,1.28932829650611,0.325586932850539,28.8882788487862,1.36349465786967
-3616434.14871998,698784.518752064,25440,3172031001,KOJA,317203,DKI JAKARTA,JAKARTA UTARA,KOJA,KOJA,35891,DKI JAKARTA,JAKARTA UTARA,KOJA,KOJA,2039,38,0.442285443882744,1.70523877754006,31.8057229104676,0.424454459018597
-3614699.62327256,695008.736968204,25444,3172031005,TUGU SELATAN,317203,DKI JAKARTA,JAKARTA UTARA,KOJA,TUGU SELATAN,49037,DKI JAKARTA,JAKARTA UTARA,KOJA,TUGU SELATAN,2362,38,4.27995244826684,0.594877512916174,33.1449147170069,1.22057004635979
-3616241.43288636,695413.658967899,25445,3172031006,RAWA BADAK SELATAN,317203,DKI JAKARTA,JAKARTA UTARA,KOJA,RAWA BADAK SELATAN,53360,DKI JAKARTA,JAKARTA UTARA,KOJA,RAWA BADAK SELATAN,2484,43,3.34428911473011,0.948292637460865,31.6251886245141,1.75712649836699
-3610392.30130617,698457.236121289,25446,3172041001,CILINCING,317204,DKI JAKARTA,JAKARTA UTARA,CILINCING,CILINCING,55102,DKI JAKARTA,JAKARTA UTARA,CILINCING,CILINCING,2545,55,0.791928745880582,2.9119806188634,37.7361121881323,3.93754044429837
-3632135.92815614,691251.182735168,25471,3173021007,WIJAYA KUSUMA,317302,DKI JAKARTA,JAKARTA BARAT,GROGOL PETAMBURAN,WIJAYA KUSUMA,48348,DKI JAKARTA,JAKARTA BARAT,GROGOL PETAMBURAN,WIJAYA KUSUMA,2865,48,0.989263114537442,0.114191718179167,15.8537971510034,1.89015612537211
-3613661.40933822,699342.463636949,25449,3172041004,KALIBARU,317204,DKI JAKARTA,JAKARTA UTARA,CILINCING,KALIBARU,86964,DKI JAKARTA,JAKARTA UTARA,CILINCING,KALI BARU,1747,48,2.62370773726224,1.63972900577773,34.632462894511,2.78167738353396
-3608662.36069622,694208.374397813,25451,3172041006,ROROTAN,317204,DKI JAKARTA,JAKARTA UTARA,CILINCING,ROROTAN,50167,DKI JAKARTA,JAKARTA UTARA,CILINCING,ROROTAN,2381,39,4.95929300133537,4.31400369766969,39.1569778634428,4.60407837837232
-3612974.26065135,696374.583358736,25452,3172041007,SEMPER BARAT,317204,DKI JAKARTA,JAKARTA UTARA,CILINCING,SEMPER BARAT,86583,DKI JAKARTA,JAKARTA UTARA,CILINCING,SEMPER BARAT,4357,82,2.76275931495653,1.4286088608592,34.9505974940374,0.802817095386351
-3622872.27799835,693768.530617738,25453,3172051001,PADEMANGAN TIMUR,317205,DKI JAKARTA,JAKARTA UTARA,PADEMANGAN,PADEMANGAN TIMUR,45083,DKI JAKARTA,JAKARTA UTARA,PADEMANGAN,PADEMANGAN TIMUR,5896,59,1.51365811781581,0.792047844770555,24.9429116868638,1.51351450190173
-3624323.99035664,694417.570465512,25454,3172051002,PADEMANGAN BARAT,317205,DKI JAKARTA,JAKARTA UTARA,PADEMANGAN,PADEMANGAN BARAT,93530,DKI JAKARTA,JAKARTA UTARA,PADEMANGAN,PADEMANGAN BARAT,4968,77,1.13495711241408,0.252535861596666,23.5048270767085,0.877043703934218
-3624818.70495604,695764.330800849,25455,3172051003,ANCOL,317205,DKI JAKARTA,JAKARTA UTARA,PADEMANGAN,ANCOL,29886,DKI JAKARTA,JAKARTA UTARA,PADEMANGAN,ANCOL,1929,27,0.162693437255658,1.41439714885698,23.0974614506249,1.33790624267557
-3615277.46603988,690636.11244186,25456,3172061001,KELAPA GADING TIMUR,317206,DKI JAKARTA,JAKARTA UTARA,KELAPA GADING,KELAPA GADING TIMUR,40012,DKI JAKARTA,JAKARTA UTARA,KELAPA GADING,KELAPA GADING TIMUR,4087,63,6.88684253131916,0.778629315475334,32.6719595901652,1.47450847546678
-3639046.06813889,692984.113831655,25459,3173011001,CENGKARENG BARAT,317301,DKI JAKARTA,JAKARTA BARAT,CENGKARENG,CENGKARENG BARAT,80638,DKI JAKARTA,JAKARTA BARAT,CENGKARENG,CENGKARENG BARAT,5593,104,2.71800216303541,0.476272100382003,8.79022616535114,1.53977678696491
-3626664.21580529,692955.032839618,25476,3173031005,MANGGA BESAR,317303,DKI JAKARTA,JAKARTA BARAT,TAMAN SARI,MANGGA BESAR,9198,DKI JAKARTA,JAKARTA BARAT,TAMAN SARI,MANGGA BESAR,832,14,0.499229476587663,0.633479015327667,21.1602706871116,1.09500208977717
-3635388.41376386,692698.72744195,25463,3173011005,KAPUK,317301,DKI JAKARTA,JAKARTA BARAT,CENGKARENG,KAPUK,167523,DKI JAKARTA,JAKARTA BARAT,CENGKARENG,KAPUK,6515,169,2.07718931874821,0.0974185962223566,12.4589216872619,2.21846273595982
-3637655.82598925,692662.371763791,25464,3173011006,CENGKARENG TIMUR,317301,DKI JAKARTA,JAKARTA BARAT,CENGKARENG,CENGKARENG TIMUR,100081,DKI JAKARTA,JAKARTA BARAT,CENGKARENG,CENGKARENG TIMUR,6009,108,1.55521934542687,0.750319640201998,10.2020643026175,0.202599392724252
-3631009.8448921,688955.7409577,25466,3173021002,TANJUNG DUREN UTARA,317302,DKI JAKARTA,JAKARTA BARAT,GROGOL PETAMBURAN,TANJUNG DUREN UTARA,20603,DKI JAKARTA,JAKARTA BARAT,GROGOL PETAMBURAN,TANJUNG DUREN UTARA,2021,33,1.57211397805751,0.269441848252578,17.4349776160303,0.893020600150747
-3630812.57867007,690790.760551461,25468,3173021004,JELAMBAR,317302,DKI JAKARTA,JAKARTA BARAT,GROGOL PETAMBURAN,JELAMBAR,36680,DKI JAKARTA,JAKARTA BARAT,GROGOL PETAMBURAN,JELAMBAR,3358,53,0.570958237197142,0.615716382941412,17.2327209308583,0.549038740053408
-3628488.82265994,692107.030153182,25484,3173041005,KRENDANG,317304,DKI JAKARTA,JAKARTA BARAT,TAMBORA,KRENDANG,25192,DKI JAKARTA,JAKARTA BARAT,TAMBORA,KERENDANG,1182,20,0.800928567551557,0.847360369399827,19.3834575340174,0.726690934565012
-3631407.18621463,684157.406294638,25492,3173051002,SUKABUMI UTARA,317305,DKI JAKARTA,JAKARTA BARAT,KEBON JERUK,SUKABUMI UTARA,47398,DKI JAKARTA,JAKARTA BARAT,KEBON JERUK,SUKABUMI UTARA,2848,45,0.776928671947736,1.29788024904672,18.9310377412225,1.20935580806628
-3632043.10610316,682589.622640359,25493,3173051003,SUKABUMI SELATAN,317305,DKI JAKARTA,JAKARTA BARAT,KEBON JERUK,SUKABUMI SELATAN,46386,DKI JAKARTA,JAKARTA BARAT,KEBON JERUK,SUKABUMI SELATAN,2147,33,1.13014900557241,0.468968652578233,19.2338399941078,0.856196669117817
-3632593.76612903,684007.956664201,25494,3173051004,KELAPA DUA,317305,DKI JAKARTA,JAKARTA BARAT,KEBON JERUK,KELAPA DUA,28843,DKI JAKARTA,JAKARTA BARAT,KEBON JERUK,KELAPA DUA,2199,34,0.391533639956105,1.07548879237978,17.9916558482505,1.69148445503735
-3632206.94132238,688468.614512418,25495,3173051005,DURI KEPA,317305,DKI JAKARTA,JAKARTA BARAT,KEBON JERUK,DURI KEPA,72834,DKI JAKARTA,JAKARTA BARAT,KEBON JERUK,DURI KEPA,4196,72,1.85120447417248,0.628216067251126,16.4298653217062,0.400602937007398
-3633936.69316112,689354.11419208,25496,3173051006,KEDOYA UTARA,317305,DKI JAKARTA,JAKARTA BARAT,KEBON JERUK,KEDOYA UTARA,55356,DKI JAKARTA,JAKARTA BARAT,KEBON JERUK,KEDOYA UTARA,3118,51,1.41536302174312,1.96571267750813,14.5131822230435,2.04737054260308
-3633948.8511238,687565.706798666,25497,3173051007,KEDOYA SELATAN,317305,DKI JAKARTA,JAKARTA BARAT,KEBON JERUK,KEDOYA SELATAN,39331,DKI JAKARTA,JAKARTA BARAT,KEBON JERUK,KEDOYA SELATAN,2448,52,2.66626635112333,1.65385747494619,15.1222887329358,0.742265243302992
-3641859.40866034,693386.461358568,25502,3173061005,PEGADUNGAN,317306,DKI JAKARTA,JAKARTA BARAT,KALIDERES,PEGADUNGAN,89881,DKI JAKARTA,JAKARTA BARAT,KALI DERES,PEGADUNGAN,4450,59,4.26659008280567,0.495125925187839,5.95907846107009,2.7810743962713
-3629930.72738034,685325.839478009,25503,3173071001,PALMERAH,317307,DKI JAKARTA,JAKARTA BARAT,PAL MERAH,PALMERAH,77404,DKI JAKARTA,JAKARTA BARAT,PALMERAH,PALMERAH,5472,120,1.34362470196156,1.15770663314587,19.7056065741081,0.686683107912532
-3628231.96396414,687245.807617208,25508,3173071006,KOTA BAMBU SELATAN,317307,DKI JAKARTA,JAKARTA BARAT,PAL MERAH,KOTA BAMBU SELATAN,26713,DKI JAKARTA,JAKARTA BARAT,PALMERAH,KOTA BAMBU SELATAN,1759,35,1.01347061952998,0.654257646573511,20.5880601890035,0.73435343884716
-3618980.95206938,683526.969765867,25596,3175031004,RAWA BUNGA,317503,DKI JAKARTA,JAKARTA TIMUR,JATINEGARA,RAWA BUNGA,26604,DKI JAKARTA,JAKARTA TIMUR,JATINEGARA,RAWA BUNGA,1330,16,0.6888479906132,0.585380866722886,30.5428454444624,0.46868417521576
-3636339.954742,688664.043926495,25509,3173081001,KEMBANGAN UTARA,317308,DKI JAKARTA,JAKARTA BARAT,KEMBANGAN,KEMBANGAN UTARA,66547,DKI JAKARTA,JAKARTA BARAT,KEMBANGAN,KEMBANGAN UTARA,3602,64,1.78656366577454,0.858436877821196,12.4916336828853,1.79517905007907
-3636648.11908334,685392.573721702,25510,3173081002,MERUYA UTARA,317308,DKI JAKARTA,JAKARTA BARAT,KEMBANGAN,MERUYA UTARA,53207,DKI JAKARTA,JAKARTA BARAT,KEMBANGAN,MERUYA UTARA,3781,59,1.09894854961436,0.095603420274692,13.8493960953322,1.49268194405489
-3634329.47410269,684172.041372524,25512,3173081004,SRENGSENG,317308,DKI JAKARTA,JAKARTA BARAT,KEMBANGAN,SRENGSENG,54909,DKI JAKARTA,JAKARTA BARAT,KEMBANGAN,SRENGSENG,3824,66,1.6169795116442,1.1546519393039,16.4537389843827,2.4364771911582
-3620179.57832158,681706.593817433,25518,3174011004,KEBON BARU,317401,DKI JAKARTA,JAKARTA SELATAN,TEBET,KEBON BARU,43498,DKI JAKARTA,JAKARTA SELATAN,TEBET,KEBON BARU,2676,57,2.19412629404394,0.20615052518778,30.0860609460457,1.46523647312571
-3622016.34327947,683384.844951489,25520,3174011006,MANGGARAI SELATAN,317401,DKI JAKARTA,JAKARTA SELATAN,TEBET,MANGGARAI SELATAN,28306,DKI JAKARTA,JAKARTA SELATAN,TEBET,MANGGARAI SELATAN,1977,40,1.27661370695037,1.52852653665445,27.7474280162344,0.480000033757681
-3625099.42830483,684816.694310245,25522,3174021001,SETIA BUDI,317402,DKI JAKARTA,JAKARTA SELATAN,SETIABUDI,SETIA BUDI,3632,DKI JAKARTA,JAKARTA SELATAN,SETIA BUDI,SETIA BUDI,645,7,0.165450716282649,1.0201505262558,24.3545269583496,0.925989045068316
-3626004.50155834,682780.229141707,25523,3174021002,KARET SEMANGGI,317402,DKI JAKARTA,JAKARTA SELATAN,SETIABUDI,KARET SEMANGGI,3275,DKI JAKARTA,JAKARTA SELATAN,SETIA BUDI,KARET SEMANGGI,412,6,0.528447463314001,1.3935560795271,24.346849158502,1.31722127588118
-3624691.77551674,683150.065577883,25524,3174021003,KARET KUNINGAN,317402,DKI JAKARTA,JAKARTA SELATAN,SETIABUDI,KARET KUNINGAN,19490,DKI JAKARTA,JAKARTA SELATAN,SETIA BUDI,KARET KUNINGAN,2989,44,1.06980399698017,0.863999542629976,25.3749237201406,0.575747415728972
-3623280.91622409,683695.293383507,25526,3174021005,MENTENG ATAS,317402,DKI JAKARTA,JAKARTA SELATAN,SETIABUDI,MENTENG ATAS,34110,DKI JAKARTA,JAKARTA SELATAN,SETIA BUDI,MENTENG ATAS,2590,50,0.452301142911958,0.419562805945879,26.4579766569012,0.822668169672498
-3623007.0752385,684567.336681459,25527,3174021006,PASAR MANGGIS,317402,DKI JAKARTA,JAKARTA SELATAN,SETIABUDI,PASAR MANGGIS,32972,DKI JAKARTA,JAKARTA SELATAN,SETIA BUDI,PASAR MANGGIS,2023,49,1.0838774759374,1.27510728575605,26.4011432426991,0.434895873326483
-3624140.76309545,684917.941135195,25528,3174021007,GUNTUR,317402,DKI JAKARTA,JAKARTA SELATAN,SETIABUDI,GUNTUR,4780,DKI JAKARTA,JAKARTA SELATAN,SETIA BUDI,GUNTUR,454,7,0.798550966942477,0.239006583511915,25.2159882309511,1.1674219284468
-3624410.56903321,681701.905683994,25529,3174021008,KUNINGAN TIMUR,317402,DKI JAKARTA,JAKARTA SELATAN,SETIABUDI,KUNINGAN TIMUR,7309,DKI JAKARTA,JAKARTA SELATAN,SETIA BUDI,KUNINGAN TIMUR,1829,8,2.02502417409407,0.762964253853545,26.2552209496378,0.994243918972168
-3624392.20206247,680228.898054919,25530,3174031001,MAMPANG PRAPATAN,317403,DKI JAKARTA,JAKARTA SELATAN,MAMPANG PRAPATAN,MAMPANG PRAPATAN,22650,DKI JAKARTA,JAKARTA SELATAN,MAMPANG PRAPATAN,MAMPANG PRAPATAN,2147,33,1.72174645055445,1.20364011095712,26.9707459801957,0.74807558192459
-3625592.76849579,677456.781184746,25531,3174031002,BANGKA,317403,DKI JAKARTA,JAKARTA SELATAN,MAMPANG PRAPATAN,BANGKA,26261,DKI JAKARTA,JAKARTA SELATAN,MAMPANG PRAPATAN,BANGKA,1936,28,1.37318108274832,1.79373038496382,27.4570446330336,1.59088932405248
-3624866.00625721,672855.104169925,25538,3174041004,RAGUNAN,317404,DKI JAKARTA,JAKARTA SELATAN,PASAR MINGGU,RAGUNAN,48260,DKI JAKARTA,JAKARTA SELATAN,PASAR MINGGU,RAGUNAN,3770,73,1.57852794804477,0.631741185746355,30.8825795236206,1.67645889885012
-3621487.80076633,675540.658917735,25539,3174041005,PEJATEN TIMUR,317404,DKI JAKARTA,JAKARTA SELATAN,PASAR MINGGU,PEJATEN TIMUR,71144,DKI JAKARTA,JAKARTA SELATAN,PASAR MINGGU,PEJATEN TIMUR,3773,93,1.09969018988968,1.29711367119623,31.9260873680663,1.61695668774436
-3623278.93818393,676331.148659027,25540,3174041006,PEJATEN BARAT,317404,DKI JAKARTA,JAKARTA SELATAN,PASAR MINGGU,PEJATEN BARAT,45297,DKI JAKARTA,JAKARTA SELATAN,PASAR MINGGU,PEJATEN BARAT,3449,54,1.48333611391104,0.871039075537429,29.9997618309699,0.399415767301891
-3623493.76016544,671480.645395562,25541,3174041007,KEBAGUSAN,317404,DKI JAKARTA,JAKARTA SELATAN,PASAR MINGGU,KEBAGUSAN,54249,DKI JAKARTA,JAKARTA SELATAN,PASAR MINGGU,KEBAGUSAN,3554,64,0.524726136900986,1.77171526742993,32.8210416669631,2.10964635815664
-3631034.96644953,679385.688878538,25542,3174051001,KEBAYORAN LAMA UTARA,317405,DKI JAKARTA,JAKARTA SELATAN,KEBAYORAN LAMA,KEBAYORAN LAMA UTARA,52421,DKI JAKARTA,JAKARTA SELATAN,KEBAYORAN LAMA,KEBAYORAN LAMA UTARA,2993,54,0.701172201608173,0.845382275012315,21.9522329445957,1.26388508373405
-3631758.04512263,680323.964204929,25544,3174051003,CIPULIR,317405,DKI JAKARTA,JAKARTA SELATAN,KEBAYORAN LAMA,CIPULIR,48638,DKI JAKARTA,JAKARTA SELATAN,KEBAYORAN LAMA,CIPULIR,2718,54,0.202672063115572,0.866042076067594,20.8004991575601,0.386334354445667
-3630797.57514975,681553.403261631,25546,3174051005,GROGOL SELATAN,317405,DKI JAKARTA,JAKARTA SELATAN,KEBAYORAN LAMA,GROGOL SELATAN,54015,DKI JAKARTA,JAKARTA SELATAN,KEBAYORAN LAMA,GROGOL SELATAN,2991,50,1.0109484216935,0.373765283752707,20.845767178433,1.47972381921865
-3626953.11508544,682143.892698464,25558,3174071006,SENAYAN,317407,DKI JAKARTA,JAKARTA SELATAN,KEBAYORAN BARU,SENAYAN,3408,DKI JAKARTA,JAKARTA SELATAN,KEBAYORAN BARU,SENAYAN,947,2,1.21115145946867,0.719689063950254,23.8005526338787,1.07338719630262
-3627943.26037237,671219.551780789,25550,3174061003,PONDOK LABU,317406,DKI JAKARTA,JAKARTA SELATAN,CILANDAK,PONDOK LABU,55767,DKI JAKARTA,JAKARTA SELATAN,CILANDAK,PONDOK LABU,3839,60,0.245118282015326,0.591934927063189,29.8332172023167,0.593119387539393
-3628822.10583361,676202.210437319,25551,3174061004,GANDARIA SELATAN,317406,DKI JAKARTA,JAKARTA SELATAN,CILANDAK,GANDARIA SELATAN,26710,DKI JAKARTA,JAKARTA SELATAN,CILANDAK,GANDARIA SELATAN,2045,32,1.41450008957494,0.731274465646895,25.7017438127869,1.7291877961
-3627231.40886833,676076.709624012,25552,3174061005,CIPETE SELATAN,317406,DKI JAKARTA,JAKARTA SELATAN,CILANDAK,CIPETE SELATAN,32280,DKI JAKARTA,JAKARTA SELATAN,CILANDAK,CIPETE SELATAN,2425,48,1.61271859406652,1.32843350457112,26.9916833641754,0.469080965196159
-3627820.06463122,678600.916235578,25559,3174071007,PULO,317407,DKI JAKARTA,JAKARTA SELATAN,KEBAYORAN BARU,PULO,6776,DKI JAKARTA,JAKARTA SELATAN,KEBAYORAN BARU,PULO,722,10,1.93409137677849,0.732780447438541,24.9796634434436,0.302262288629128
-3629203.91414301,677899.893465128,25561,3174071009,GANDARIA UTARA,317407,DKI JAKARTA,JAKARTA SELATAN,KEBAYORAN BARU,GANDARIA UTARA,48110,DKI JAKARTA,JAKARTA SELATAN,KEBAYORAN BARU,GANDARIA UTARA,3411,53,1.79731087826479,0.18255293676403,24.3102612709612,1.3281878275085
-3634221.37593489,679464.572156184,25578,3174101004,PETUKANGAN SELATAN,317410,DKI JAKARTA,JAKARTA SELATAN,PESANGGRAHAN,PETUKANGAN SELATAN,45231,DKI JAKARTA,JAKARTA SELATAN,PESANGGRAHAN,PETUKANGAN SELATAN,2842,34,0.407766499357952,1.03016729177469,19.5319114727738,2.22861929836235
-3623044.41978136,677611.951642645,25564,3174081002,KALIBATA,317408,DKI JAKARTA,JAKARTA SELATAN,PANCORAN,KALIBATA,51670,DKI JAKARTA,JAKARTA SELATAN,PANCORAN,KALIBATA,4024,77,1.38980056447813,0.234391721096845,29.4823759255376,1.26076854265926
-3620863.64009191,678456.934119912,25565,3174081003,RAWAJATI,317408,DKI JAKARTA,JAKARTA SELATAN,PANCORAN,RAWAJATI,24671,DKI JAKARTA,JAKARTA SELATAN,PANCORAN,RAWA JATI,2468,30,1.89807762584871,1.42579766076679,30.914336556704,1.17058943640507
-3622570.75903095,669449.040919854,25572,3174091004,LENTENG AGUNG,317409,DKI JAKARTA,JAKARTA SELATAN,JAGAKARSA,LENTENG AGUNG,65606,DKI JAKARTA,JAKARTA SELATAN,JAGAKARSA,LENTENG AGUNG,4177,65,1.77445869051818,1.99745020923946,34.871744750755,1.78240793060352
-3624882.27631688,669358.367083694,25569,3174091001,JAGAKARSA,317409,DKI JAKARTA,JAKARTA SELATAN,JAGAKARSA,JAGAKARSA,75047,DKI JAKARTA,JAKARTA SELATAN,JAGAKARSA,JAGAKARSA,6607,100,2.33275121586026,2.21676898390465,33.2860488838354,1.5106546742578
-3626861.71505986,665443.305573707,25574,3174091006,CIPEDAK,317409,DKI JAKARTA,JAKARTA SELATAN,JAGAKARSA,CIPEDAK,45772,DKI JAKARTA,JAKARTA SELATAN,JAGAKARSA,CIPEDAK,3344,50,3.58385889122702,0.377204430386847,34.9676653427686,3.69716281702949
-3632682.15625199,676097.054095282,25576,3174101002,BINTARO,317410,DKI JAKARTA,JAKARTA SELATAN,PESANGGRAHAN,BINTARO,63832,DKI JAKARTA,JAKARTA SELATAN,PESANGGRAHAN,BINTARO,3886,82,1.81526613930072,0.644849996639997,23.037153800831,1.9233432282772
-3619448.07916988,684621.294171408,25580,3175011001,PISANGAN BARU,317501,DKI JAKARTA,JAKARTA TIMUR,MATRAMAN,PISANGAN BARU,38845,DKI JAKARTA,JAKARTA TIMUR,MATRAMAN,PISANGAN BARU,2533,46,0.812614397957158,0.00772095287627163,29.7539043581571,1.21008885280424
-3621244.05320978,685113.778956908,25584,3175011005,KEBON MANGGIS,317501,DKI JAKARTA,JAKARTA TIMUR,MATRAMAN,KEBON MANGGIS,20178,DKI JAKARTA,JAKARTA TIMUR,MATRAMAN,KEBON MANGGIS,1660,31,0.82090362267753,0.272604096596436,27.8931363887492,0.82247413429482
-3619484.05771282,685718.553769946,25585,3175011006,UTAN KAYU SELATAN,317501,DKI JAKARTA,JAKARTA TIMUR,MATRAMAN,UTAN KAYU SELATAN,40810,DKI JAKARTA,JAKARTA TIMUR,MATRAMAN,UTAN KAYU SELATAN,3639,72,1.89873879943758,0.200141753098535,29.4066819967915,1.08995904361451
-3615257.24357796,686162.230725369,25589,3175021004,JATINEGARA KAUM,317502,DKI JAKARTA,JAKARTA TIMUR,PULOGADUNG,JATINEGARA KAUM,30189,DKI JAKARTA,JAKARTA TIMUR,PULO GADUNG,JATINEGARA KAUM,1680,36,4.93482602212786,0.890768507985883,33.3963680032859,1.16803851290609
-3615903.04430785,687155.462142834,25592,3175021007,JATI,317502,DKI JAKARTA,JAKARTA TIMUR,PULOGADUNG,JATI,39694,DKI JAKARTA,JAKARTA TIMUR,PULO GADUNG,JATI,2890,57,4.97887871449957,0.623321673446858,32.5559995264143,1.20404172633643
-3616648.19301488,682875.074874785,25598,3175031006,CIPINANG MUARA,317503,DKI JAKARTA,JAKARTA TIMUR,JATINEGARA,CIPINANG MUARA,67965,DKI JAKARTA,JAKARTA TIMUR,JATINEGARA,CIPINANG MUARA,4869,113,3.10300666677546,0.343041264351871,32.9604383038335,2.27738122650018
-3617713.02985638,682442.739456431,25599,3175031007,CIPINANG BESAR SELATAN,317503,DKI JAKARTA,JAKARTA TIMUR,JATINEGARA,CIPINANG BESAR SELATAN,43554,DKI JAKARTA,JAKARTA TIMUR,JATINEGARA,CIPINANG BESAR SELATAN,2590,44,2.34038673082746,0.328991798308294,32.103135097946,1.95291615780458
-3617968.92772651,683833.917146097,25600,3175031008,CIPINANG BESAR UTARA,317503,DKI JAKARTA,JAKARTA TIMUR,JATINEGARA,CIPINANG BESAR UTARA,59863,DKI JAKARTA,JAKARTA TIMUR,JATINEGARA,CIPINANG BESAR UTARA,2781,57,1.63380212346507,0.157839311755548,31.4031881979368,1.5261427395698
-3619030.55633523,674430.593176411,25602,3175041002,TENGAH,317504,DKI JAKARTA,JAKARTA TIMUR,KRAMATJATI,TENGAH,54617,DKI JAKARTA,JAKARTA TIMUR,KRAMAT JATI,KAMPUNG TENGAH,3437,74,3.52595224670036,1.36540055266378,34.5835858988772,1.75630153485537
-3617485.21621997,673690.813614901,25603,3175041003,DUKUH,317504,DKI JAKARTA,JAKARTA TIMUR,KRAMATJATI,DUKUH,30640,DKI JAKARTA,JAKARTA TIMUR,KRAMAT JATI,DUKUH,2108,37,1.84238414965151,1.8810665423479,36.2806527398017,1.63276992234229
-3620900.74078654,675367.635325144,25605,3175041005,BALEKAMBANG,317504,DKI JAKARTA,JAKARTA TIMUR,KRAMATJATI,BALEKAMBANG,35376,DKI JAKARTA,JAKARTA TIMUR,KRAMAT JATI,BALE KAMBANG,2128,34,1.52802753484256,1.76556965917999,32.5086171336498,2.21556660428117
-3619538.3399576,677949.724163436,25606,3175041006,CILILITAN,317504,DKI JAKARTA,JAKARTA TIMUR,KRAMATJATI,CILILITAN,49559,DKI JAKARTA,JAKARTA TIMUR,KRAMAT JATI,CILILITAN,3492,70,2.65485866966588,2.17566113274674,32.3188574593855,0.860884675199354
-3620657.41008696,668113.547664204,25611,3175051004,KALISARI,317505,DKI JAKARTA,JAKARTA TIMUR,PASAR REBO,KALISARI,52424,DKI JAKARTA,JAKARTA TIMUR,PASAR REBO,KALISARI,4423,89,3.60420950579552,1.21231777486023,37.1828945999191,3.11763666582638
-3612952.22836562,682169.799353002,25620,3175071001,DUREN SAWIT,317507,DKI JAKARTA,JAKARTA TIMUR,DUREN SAWIT,DUREN SAWIT,74118,DKI JAKARTA,JAKARTA TIMUR,DUREN SAWIT,DUREN SAWIT,5432,108,3.72808483373943,0.930006209177931,36.6886562477608,1.06552935448372
-3614233.95551198,684093.524264998,25622,3175071003,KLENDER,317507,DKI JAKARTA,JAKARTA TIMUR,DUREN SAWIT,KLENDER,86925,DKI JAKARTA,JAKARTA TIMUR,DUREN SAWIT,KLENDER,4572,107,4.18905741872047,0.207757584395603,34.9006043409976,1.76220530574335
-3609651.03582896,683461.889583399,25626,3175071007,PONDOK KOPI,317507,DKI JAKARTA,JAKARTA TIMUR,DUREN SAWIT,PONDOK KOPI,43303,DKI JAKARTA,JAKARTA TIMUR,DUREN SAWIT,PONDOK KOPI,2540,63,1.14828404298983,0.387409481598652,39.4874631551935,0.818710344149509
-3616621.00951066,674413.494454042,25628,3175081002,PINANGRANTI,317508,DKI JAKARTA,JAKARTA TIMUR,MAKASAR,PINANGRANTI,33350,DKI JAKARTA,JAKARTA TIMUR,MAKASAR,PINANG RANTI,2349,40,1.73782581044376,1.83567980650277,36.6223883496237,0.613667089465645
-3617852.2848425,678926.359976394,25629,3175081003,KEBON PALA,317508,DKI JAKARTA,JAKARTA TIMUR,MAKASAR,KEBON PALA,57830,DKI JAKARTA,JAKARTA TIMUR,MAKASAR,KEBON PALA,3968,73,4.6032516362593,2.25073601134469,33.3629262961228,1.02025111629075
-3617381.79939022,669768.975293676,25632,3175091001,CIRACAS,317509,DKI JAKARTA,JAKARTA TIMUR,CIRACAS,CIRACAS,78952,DKI JAKARTA,JAKARTA TIMUR,CIRACAS,CIRACAS,5781,113,3.45484596098014,0.816865169995532,38.6283605607707,1.55568975704068
-3615066.35507354,669380.359357097,25637,3175101001,CIPAYUNG,317510,DKI JAKARTA,JAKARTA TIMUR,CIPAYUNG,CIPAYUNG,31625,DKI JAKARTA,JAKARTA TIMUR,CIPAYUNG,CIPAYUNG,3568,39,3.5655437335251,1.86788876900701,40.7173701423843,3.80398889544721
-3622932.02890974,690590.445045825,25395,3171031001,KEMAYORAN,317103,DKI JAKARTA,JAKARTA PUSAT,KEMAYORAN,KEMAYORAN,26177,DKI JAKARTA,JAKARTA PUSAT,KEMAYORAN,KEMAYORAN,2633,42,0.649715739416304,0.44520692309123,25.0640513603564,1.73679046124191
-3621756.03928446,690586.253266454,25402,3171031008,UTAN PANJANG,317103,DKI JAKARTA,JAKARTA PUSAT,KEMAYORAN,UTAN PANJANG,37531,DKI JAKARTA,JAKARTA PUSAT,KEMAYORAN,UTAN PANJANG,1966,36,0.778681323839115,0.239624966853745,26.2323889825435,1.58526558515328
-3617988.55588974,685152.141674308,25587,3175021002,PISANGAN TIMUR,317502,DKI JAKARTA,JAKARTA TIMUR,PULOGADUNG,PISANGAN TIMUR,50332,DKI JAKARTA,JAKARTA TIMUR,PULO GADUNG,PISANGAN TIMUR,3355,48,2.09061545308221,0.331404945617521,30.9996205253982,0.866785030169677
-3616463.31069423,696961.768030683,25443,3172031004,RAWA BADAK UTARA,317203,DKI JAKARTA,JAKARTA UTARA,KOJA,RAWA BADAK UTARA,43557,DKI JAKARTA,JAKARTA UTARA,KOJA,RAWA BADAK UTARA,2247,42,1.78348275003641,0.303821107676907,31.5309412691601,1.44146817173101
-3630261.26022772,688141.768976666,25469,3173021005,TANJUNG DUREN SELATAN,317302,DKI JAKARTA,JAKARTA BARAT,GROGOL PETAMBURAN,TANJUNG DUREN SELATAN,30306,DKI JAKARTA,JAKARTA BARAT,GROGOL PETAMBURAN,TANJUNG DUREN SELATAN,2798,47,0.837506696218918,0.475907766204798,18.3826842648631,1.01098181875892
-3630710.69481707,692134.062642173,25470,3173021006,JELAMBAR BARU,317302,DKI JAKARTA,JAKARTA BARAT,GROGOL PETAMBURAN,JELAMBAR BARU,46743,DKI JAKARTA,JAKARTA BARAT,GROGOL PETAMBURAN,JELAMBAR BARU,3224,40,1.74211688346345,0.694142900872152,17.16671703671,1.78646294920842
-3621913.7315699,691534.679080854,25396,3171031002,KEBON KOSONG,317103,DKI JAKARTA,JAKARTA PUSAT,KEMAYORAN,KEBON KOSONG,37472,DKI JAKARTA,JAKARTA PUSAT,KEMAYORAN,KEBON KOSONG,3216,50,0.348124908355563,0.255205163742965,25.9831819493902,1.02997278588715
-3620922.24784386,691489.052939449,25398,3171031004,SERDANG,317103,DKI JAKARTA,JAKARTA PUSAT,KEMAYORAN,SERDANG,37782,DKI JAKARTA,JAKARTA PUSAT,KEMAYORAN,SERDANG,2825,59,1.23345718455148,0.0642412491778313,26.9751746535857,0.754219421709934
-3623163.21842577,691209.257507179,25399,3171031005,GUNUNG SAHARI SELATAN,317103,DKI JAKARTA,JAKARTA PUSAT,KEMAYORAN,GUNUNG SAHARI SELATAN,24164,DKI JAKARTA,JAKARTA PUSAT,KEMAYORAN,GUNUNG SAHARI SELATAN,1974,35,0.379514565204753,0.508182466603435,24.7671558448366,1.90603050408504
-3619580.17639735,690981.160532467,25401,3171031007,SUMUR BATU,317103,DKI JAKARTA,JAKARTA PUSAT,KEMAYORAN,SUMUR BATU,28834,DKI JAKARTA,JAKARTA PUSAT,KEMAYORAN,SUMUR BATU,2343,44,2.57109806116186,0.289580946294778,28.3557287916584,0.697814601563227
-3625668.08289307,690474.32722151,25388,3171011005,KEBON KELAPA,317101,DKI JAKARTA,JAKARTA PUSAT,GAMBIR,KEBON KELAPA,12858,DKI JAKARTA,JAKARTA PUSAT,GAMBIR,KEBON KELAPA,978,12,0.403748881413988,1.11256910904042,22.3661580460831,1.28134832563505
-3628292.14901187,690394.28172707,25389,3171011006,DURI PULO,317101,DKI JAKARTA,JAKARTA PUSAT,GAMBIR,DURI PULO,25256,DKI JAKARTA,JAKARTA PUSAT,GAMBIR,DURI PULO,1459,29,1.08171943364334,0.448149540029046,19.7840770994754,0.955872830241675
-3624668.59705507,692009.899966273,25392,3171021003,KARTINI,317102,DKI JAKARTA,JAKARTA PUSAT,SAWAH BESAR,KARTINI,28269,DKI JAKARTA,JAKARTA PUSAT,SAWAH BESAR,KARTINI,1902,36,0.890262992195329,0.52625028868173,23.2006476389282,0.607796607459578
-3623983.97497684,692534.94997876,25393,3171021004,GUNUNG SAHARI UTARA,317102,DKI JAKARTA,JAKARTA PUSAT,SAWAH BESAR,GUNUNG SAHARI UTARA,20677,DKI JAKARTA,JAKARTA PUSAT,SAWAH BESAR,GUNUNG SAHARI UTARA,1746,38,0.61054248353598,0.795430689153187,23.8544809940908,0.498514898652363
-3625273.64267305,688893.393372337,25384,3171011001,GAMBIR,317101,DKI JAKARTA,JAKARTA PUSAT,GAMBIR,GAMBIR,3088,DKI JAKARTA,JAKARTA PUSAT,GAMBIR,GAMBIR,1233,13,0.540045121029842,1.42078728350975,23.0273062228319,1.04487046187832
-3627715.01004427,689170.556097667,25385,3171011002,CIDENG,317101,DKI JAKARTA,JAKARTA PUSAT,GAMBIR,CIDENG,19216,DKI JAKARTA,JAKARTA PUSAT,GAMBIR,CIDENG,1754,31,1.69866094017385,1.2564135244915,20.5820984000018,0.238720691340532
-3626639.25352773,689010.510386682,25387,3171011004,PETOJO SELATAN,317101,DKI JAKARTA,JAKARTA PUSAT,GAMBIR,PETOJO SELATAN,18388,DKI JAKARTA,JAKARTA PUSAT,GAMBIR,PETOJO SELATAN,1684,25,1.60190972348567,1.07602949187047,21.6672183732951,0.433944307207553
-3622508.19261795,686832.540875752,25404,3171041002,KENARI,317104,DKI JAKARTA,JAKARTA PUSAT,SENEN,KENARI,11582,DKI JAKARTA,JAKARTA PUSAT,SENEN,KENARI,1166,20,0.961391377609006,1.30221233743916,26.1959282281381,0.23169674921418
-3621731.59996146,686900.703938872,25405,3171041003,PASEBAN,317104,DKI JAKARTA,JAKARTA PUSAT,SENEN,PASEBAN,29659,DKI JAKARTA,JAKARTA PUSAT,SENEN,PASEBAN,2561,37,1.61882957594298,1.09306644097793,26.9298583680648,0.0347560438453213
-3622643.57234296,688148.137041721,25406,3171041004,KRAMAT,317104,DKI JAKARTA,JAKARTA PUSAT,SENEN,KRAMAT,36350,DKI JAKARTA,JAKARTA PUSAT,SENEN,KRAMAT,2006,45,1.81649701079625,0.889325992662445,25.7549003847892,0.224954722592915
-3623441.65663941,688129.88443887,25407,3171041005,KWITANG,317104,DKI JAKARTA,JAKARTA PUSAT,SENEN,KWITANG,19303,DKI JAKARTA,JAKARTA PUSAT,SENEN,KWITANG,1222,24,1.05724829769053,0.346793538230494,24.9794710622214,0.563920409212544
-3620379.52025296,688764.9283457,25410,3171051002,CEMPAKA PUTIH BARAT,317105,DKI JAKARTA,JAKARTA PUSAT,CEMPAKA PUTIH,CEMPAKA PUTIH BARAT,44664,DKI JAKARTA,JAKARTA PUSAT,CEMPAKA PUTIH,CEMPAKA PUTIH BARAT,4113,75,3.05611905691502,1.18430898995096,27.8580678754856,1.55688184775248
-3622232.67586128,685730.064292003,25413,3171061002,PEGANGSAAN,317106,DKI JAKARTA,JAKARTA PUSAT,MENTENG,PEGANGSAAN,29254,DKI JAKARTA,JAKARTA PUSAT,MENTENG,PEGANGSAAN,1972,49,0.990330447006651,0.537977438085402,26.7654009560782,0.0258667685287177
-3624768.62387311,686899.597497892,25415,3171061004,GONDANGDIA,317106,DKI JAKARTA,JAKARTA PUSAT,MENTENG,GONDANGDIA,4956,DKI JAKARTA,JAKARTA PUSAT,MENTENG,GONDANGDIA,670,8,0.864800713197204,1.11749918286374,24.0005429721411,0.284717904097694
-3624710.54750152,687782.965220466,25416,3171061005,KEBON SIRIH,317106,DKI JAKARTA,JAKARTA PUSAT,MENTENG,KEBON SIRIH,15702,DKI JAKARTA,JAKARTA PUSAT,MENTENG,KEBON SIRIH,988,15,0.327562738889611,1.15447434689496,23.8253468754009,0.622849651158915
-3628211.8484747,683440.860215232,25417,3171071001,GELORA,317107,DKI JAKARTA,JAKARTA PUSAT,TANAH ABANG,GELORA,4002,DKI JAKARTA,JAKARTA PUSAT,TANAH ABANG,GELORA,520,7,1.13400478240397,1.19004756806241,22.0793087382662,1.43604647821074
-3627296.91648169,684514.55547501,25418,3171071002,BENDUNGAN HILIR,317107,DKI JAKARTA,JAKARTA PUSAT,TANAH ABANG,BENDUNGAN HILIR,27144,DKI JAKARTA,JAKARTA PUSAT,TANAH ABANG,BENDUNGAN HILIR,2079,40,1.18605110123728,0.579110569680589,22.4396653753988,0.500734918600358
-3626326.31394771,684784.737498216,25419,3171071003,KARET TENGSIN,317107,DKI JAKARTA,JAKARTA PUSAT,TANAH ABANG,KARET TENGSIN,24318,DKI JAKARTA,JAKARTA PUSAT,TANAH ABANG,KARET TENGSIN,1686,24,0.833681834505812,0.603025768437047,23.2265534224484,0.780654434898519
-3626408.73937283,686981.760967494,25422,3171071006,KEBON KACANG,317107,DKI JAKARTA,JAKARTA PUSAT,TANAH ABANG,KEBON KACANG,27319,DKI JAKARTA,JAKARTA PUSAT,TANAH ABANG,KEBON KACANG,1641,41,1.01488735187274,0.551165543861964,22.4059226798552,1.26573348357597
-3626617.13091308,687641.70852446,25423,3171071007,KAMPUNG BALI,317107,DKI JAKARTA,JAKARTA PUSAT,TANAH ABANG,KAMPUNG BALI,14889,DKI JAKARTA,JAKARTA PUSAT,TANAH ABANG,KAMPUNG BALI,730,17,0.652143015155896,0.612083806398278,22.0192214193507,0.743047218361506
-3621219.49690167,687949.092953721,25424,3171081001,JOHAR BARU,317108,DKI JAKARTA,JAKARTA PUSAT,JOHAR BARU,JOHAR BARU,46777,DKI JAKARTA,JAKARTA PUSAT,JOHAR BARU,JOHAR BARU,3988,64,2.66119021712669,1.44221624308629,27.1890447595512,1.12599745065039
-3621531.27008991,689167.693260615,25426,3171081003,GALUR,317108,DKI JAKARTA,JAKARTA PUSAT,JOHAR BARU,GALUR,23288,DKI JAKARTA,JAKARTA PUSAT,JOHAR BARU,GALUR,1113,22,2.18380383467827,0.298880950934696,26.6546129789929,1.73054876946053
-3622298.57948464,688728.539841034,25427,3171081004,TANAH TINGGI,317108,DKI JAKARTA,JAKARTA PUSAT,JOHAR BARU,TANAH TINGGI,48219,DKI JAKARTA,JAKARTA PUSAT,JOHAR BARU,TANAH TINGGI,2097,42,2.34702840037468,1.03324672206146,25.9770825851854,0.899142354312935
-3629252.41991255,695768.719460956,25428,3172011001,PENJARINGAN,317201,DKI JAKARTA,JAKARTA UTARA,PENJARINGAN,PENJARINGAN,109567,DKI JAKARTA,JAKARTA UTARA,PENJARINGAN,PENJARINGAN,4706,67,1.23199088030996,0.971627377638505,18.6883610482993,0.51522751141432
-3634070.29254901,695392.958806262,25430,3172011003,KAPUK MUARA,317201,DKI JAKARTA,JAKARTA UTARA,PENJARINGAN,KAPUK MUARA,43025,DKI JAKARTA,JAKARTA UTARA,PENJARINGAN,KAPUK MUARA,2782,28,4.83920473234284,1.73153066892706,13.8606671713602,1.90824878068673
-3631131.42234807,693824.94717711,25431,3172011004,PEJAGALAN,317201,DKI JAKARTA,JAKARTA UTARA,PENJARINGAN,PEJAGALAN,90327,DKI JAKARTA,JAKARTA UTARA,PENJARINGAN,PEJAGALAN,6027,79,2.3994120276571,0.579428028792159,16.6847082138187,0.808728117378748
-3618991.7948972,698176.730459215,25433,3172021001,TANJUNG PRIOK,317202,DKI JAKARTA,JAKARTA UTARA,TANJUNG PRIOK,TANJUNG PRIOK,43623,DKI JAKARTA,JAKARTA UTARA,TANJUNG PRIOK,TANJUNG PRIOK,2461,48,0.356849853935457,0.302323749993939,29.1837900159018,0.559404798611889
-3618939.36558202,692623.210838156,25434,3172021002,SUNTER JAYA,317202,DKI JAKARTA,JAKARTA UTARA,TANJUNG PRIOK,SUNTER JAYA,77553,DKI JAKARTA,JAKARTA UTARA,TANJUNG PRIOK,SUNTER JAYA,6072,101,3.47218282932827,0.697699757467978,28.8918089974136,2.0024801980412
-3620982.43723611,694235.221171031,25438,3172021006,SUNTER AGUNG,317202,DKI JAKARTA,JAKARTA UTARA,TANJUNG PRIOK,SUNTER AGUNG,87165,DKI JAKARTA,JAKARTA UTARA,TANJUNG PRIOK,SUNTER AGUNG,5826,111,2.59988170626752,0.598525521483156,26.8396854187533,0.445129030028838
-3612278.24350855,693510.688891572,25447,3172041002,SUKAPURA,317204,DKI JAKARTA,JAKARTA UTARA,CILINCING,SUKAPURA,69673,DKI JAKARTA,JAKARTA UTARA,CILINCING,SUKAPURA,2852,50,5.08716904452853,0.728699737873633,35.5364976399813,1.4139341575221
-3608300.91811473,698452.733991959,25448,3172041003,MARUNDA,317204,DKI JAKARTA,JAKARTA UTARA,CILINCING,MARUNDA,35650,DKI JAKARTA,JAKARTA UTARA,CILINCING,MARUNDA,1196,20,2.88313675858855,1.71415744045012,39.8104657552078,5.83148867658295
-3611881.92051454,697185.790471558,25450,3172041005,SEMPER TIMUR,317204,DKI JAKARTA,JAKARTA UTARA,CILINCING,SEMPER TIMUR,44903,DKI JAKARTA,JAKARTA UTARA,CILINCING,SEMPER TIMUR,2302,46,1.46934146048574,2.19479702616877,36.111087053723,2.03378329381226
-3625782.34729317,691943.765089181,25472,3173031001,TAMAN SARI,317303,DKI JAKARTA,JAKARTA BARAT,TAMAN SARI,TAMAN SARI,17509,DKI JAKARTA,JAKARTA BARAT,TAMAN SARI,TAMAN SARI,1402,22,0.545315848445472,0.205132547785454,22.0945132851305,0.55873994349126
-3627021.22397455,691299.037544747,25473,3173031002,KRUKUT,317303,DKI JAKARTA,JAKARTA BARAT,TAMAN SARI,KRUKUT,23821,DKI JAKARTA,JAKARTA BARAT,TAMAN SARI,KRUKUT,1261,16,1.31295876777524,0.438472883997209,20.920427544113,1.04697999140481
-3613861.19156365,691290.859578031,25457,3172061002,PEGANGSAAN DUA,317206,DKI JAKARTA,JAKARTA UTARA,KELAPA GADING,PEGANGSAAN DUA,59468,DKI JAKARTA,JAKARTA UTARA,KELAPA GADING,PEGANGSAAN DUA,4429,69,7.67031149135353,0.895932266461004,34.0319285739337,0.417424267704575
-3616483.46758051,692309.677323108,25458,3172061003,KELAPA GADING BARAT,317206,DKI JAKARTA,JAKARTA UTARA,KELAPA GADING,KELAPA GADING BARAT,42264,DKI JAKARTA,JAKARTA UTARA,KELAPA GADING,KELAPA GADING BARAT,4093,60,5.74745633881586,2.57917522012424,31.3577558309859,0.472944916170308
-3639466.32362407,688543.037631116,25460,3173011002,DURI KOSAMBI,317301,DKI JAKARTA,JAKARTA BARAT,CENGKARENG,DURI KOSAMBI,94759,DKI JAKARTA,JAKARTA BARAT,CENGKARENG,DURI KOSAMBI,4790,78,1.31476014787906,0.266397780929835,9.76096363209601,2.18939855012606
-3637231.97863525,689840.907641887,25461,3173011003,RAWA BUAYA,317301,DKI JAKARTA,JAKARTA BARAT,CENGKARENG,RAWA BUAYA,78405,DKI JAKARTA,JAKARTA BARAT,CENGKARENG,RAWA BUAYA,3521,62,0.425845954230896,0.123155832439323,11.2307696073343,2.65317021304297
-3634384.83396878,691358.812164866,25462,3173011004,KEDAUNG KALI ANGKE,317301,DKI JAKARTA,JAKARTA BARAT,CENGKARENG,KEDAUNG KALI ANGKE,40666,DKI JAKARTA,JAKARTA BARAT,CENGKARENG,KEDAUNG KALI ANGKE,2146,36,0.811061244495963,1.33342191626117,13.6156678196672,3.3967246456923
-3626117.34010956,691477.85373241,25474,3173031003,MAPHAR,317303,DKI JAKARTA,JAKARTA BARAT,TAMAN SARI,MAPHAR,19914,DKI JAKARTA,JAKARTA BARAT,TAMAN SARI,MAPHAR,1283,28,0.993098769315991,0.462530472292391,21.8009101136684,1.10712909104357
-3626018.88982047,692811.767621848,25475,3173031004,TANGKI,317303,DKI JAKARTA,JAKARTA BARAT,TAMAN SARI,TANGKI,15992,DKI JAKARTA,JAKARTA BARAT,TAMAN SARI,TANGKI,1150,19,0.634658647951704,0.26180254504991,21.810018658155,0.471996355894153
-3629671.09423955,690513.123289874,25465,3173021001,GROGOL,317302,DKI JAKARTA,JAKARTA BARAT,GROGOL PETAMBURAN,GROGOL,20792,DKI JAKARTA,JAKARTA BARAT,GROGOL PETAMBURAN,GROGOL,2312,41,0.708838433199279,0.173599112901878,18.4044097930823,0.657962433323366
-3629300.96759042,689211.340506467,25467,3173021003,TOMANG,317302,DKI JAKARTA,JAKARTA BARAT,GROGOL PETAMBURAN,TOMANG,36093,DKI JAKARTA,JAKARTA BARAT,GROGOL PETAMBURAN,TOMANG,2479,36,1.62003867612252,1.02621567576565,19.0269293917446,0.724242849248489
-3627055.86808274,693939.608650366,25479,3173031008,PINANGSIA,317303,DKI JAKARTA,JAKARTA BARAT,TAMAN SARI,PINANGSIA,13136,DKI JAKARTA,JAKARTA BARAT,TAMAN SARI,PINANGSIA,802,10,0.579782640963299,0.37910180034326,20.7615211191939,1.93461785652751
-3627900.63935345,692888.82767327,25480,3173041001,TAMBORA,317304,DKI JAKARTA,JAKARTA BARAT,TAMBORA,TAMBORA,12805,DKI JAKARTA,JAKARTA BARAT,TAMBORA,TAMBORA,789,21,0.7058636115347,0.399644640340605,19.9267150609002,0.864227646720766
-3629069.69088022,691091.899369767,25481,3173041002,KALI ANYAR,317304,DKI JAKARTA,JAKARTA BARAT,TAMBORA,KALI ANYAR,30229,DKI JAKARTA,JAKARTA BARAT,TAMBORA,KALI ANYAR,1171,24,0.395938693758865,0.601565719152443,18.9121081814991,1.18093086697778
-3628325.0392816,691584.951960668,25482,3173041003,DURI UTARA,317304,DKI JAKARTA,JAKARTA BARAT,TAMBORA,DURI UTARA,24495,DKI JAKARTA,JAKARTA BARAT,TAMBORA,DURI UTARA,1287,24,0.506194440825476,0.716001660722624,19.5935747085146,0.718049833806948
-3627712.63275038,691728.642294404,25483,3173041004,TANAH SEREAL,317304,DKI JAKARTA,JAKARTA BARAT,TAMBORA,TANAH SEREAL,32249,DKI JAKARTA,JAKARTA BARAT,TAMBORA,TANAH SEREAL,1955,23,1.1182608554949,0.15630021697969,20.1889971832223,0.311116471317335
-3629291.53393064,691839.085492824,25485,3173041006,JEMBATAN BESI,317304,DKI JAKARTA,JAKARTA BARAT,TAMBORA,JEMBATAN BESI,37262,DKI JAKARTA,JAKARTA BARAT,TAMBORA,JEMBATAN BESI,1557,27,0.701525152825241,1.31294992743706,18.6066936352922,1.53839524849343
-3629611.53453812,692650.579490636,25486,3173041007,ANGKE,317304,DKI JAKARTA,JAKARTA BARAT,TAMBORA,ANGKE,36428,DKI JAKARTA,JAKARTA BARAT,TAMBORA,ANGKE,1836,34,0.669117801119601,1.38363697588515,18.2278830609096,1.6844988516577
-3628567.8887416,692800.308551779,25487,3173041008,JEMBATAN LIMA,317304,DKI JAKARTA,JAKARTA BARAT,TAMBORA,JEMBATAN LIMA,25893,DKI JAKARTA,JAKARTA BARAT,TAMBORA,JEMBATAN LIMA,1364,20,0.392305749582378,1.04253901443498,19.2633825638815,1.10856282081108
-3628597.08743591,693797.491050577,25488,3173041009,PEKOJAN,317304,DKI JAKARTA,JAKARTA BARAT,TAMBORA,PEKOJAN,28357,DKI JAKARTA,JAKARTA BARAT,TAMBORA,PEKOJAN,1811,33,0.983419130193703,0.351208259553957,19.2185443746155,1.71722877909359
-3627893.24677827,693977.860943399,25489,3173041010,ROA MALAKA,317304,DKI JAKARTA,JAKARTA BARAT,TAMBORA,ROA MALAKA,4003,DKI JAKARTA,JAKARTA BARAT,TAMBORA,ROA MALAKA,277,8,0.257201930747516,0.68931383633323,19.9249454692762,1.94684298522317
-3628275.10413934,690968.198149184,25490,3173041011,DURI SELATAN,317304,DKI JAKARTA,JAKARTA BARAT,TAMBORA,DURI SELATAN,17493,DKI JAKARTA,JAKARTA BARAT,TAMBORA,DURI SELATAN,865,18,0.638304013757135,0.394623465860062,19.716089884477,1.18236959137573
-3616539.09653907,685389.390322031,25588,3175021003,CIPINANG,317502,DKI JAKARTA,JAKARTA TIMUR,PULOGADUNG,CIPINANG,48703,DKI JAKARTA,JAKARTA TIMUR,PULO GADUNG,CIPINANG,3599,76,3.44057852116845,0.440469315419509,32.335555046662,0.349009838052831
-3632241.04158133,685923.882227825,25491,3173051001,KEBON JERUK,317305,DKI JAKARTA,JAKARTA BARAT,KEBON JERUK,KEBON JERUK,65682,DKI JAKARTA,JAKARTA BARAT,KEBON JERUK,KEBON JERUK,5091,87,0.324149468287487,1.84981862946748,17.3629943288963,1.28956898574409
-3642139.52674725,691091.585000431,25498,3173061001,KALIDERES,317306,DKI JAKARTA,JAKARTA BARAT,KALIDERES,KALIDERES,88802,DKI JAKARTA,JAKARTA BARAT,KALI DERES,KALIDERES,4741,84,2.06406650964818,1.3338079475738,6.2051234728411,1.56333412558819
-3641614.06701735,689138.07429271,25499,3173061002,SEMANAN,317306,DKI JAKARTA,JAKARTA BARAT,KALIDERES,SEMANAN,88097,DKI JAKARTA,JAKARTA BARAT,KALI DERES,SEMANAN,2642,54,0.13829734088743,0.743464503549058,7.63897631228558,0.750801637320215
-3640931.68473656,695725.609785959,25500,3173061003,TEGAL ALUR,317306,DKI JAKARTA,JAKARTA BARAT,KALIDERES,TEGAL ALUR,103199,DKI JAKARTA,JAKARTA BARAT,KALI DERES,TEGAL ALUR,4535,80,5.97954759969324,1.21657950205331,7.20341333237349,4.66244217849046
-3642599.38593536,697562.508561284,25501,3173061004,KAMAL,317306,DKI JAKARTA,JAKARTA BARAT,KALIDERES,KAMAL,65858,DKI JAKARTA,JAKARTA BARAT,KALI DERES,KAMAL,1615,39,8.46055894621103,0.624916716452827,6.52899222713586,6.93284993496577
-3628432.87721673,686351.431840908,25504,3173071002,SLIPI,317307,DKI JAKARTA,JAKARTA BARAT,PAL MERAH,SLIPI,20457,DKI JAKARTA,JAKARTA BARAT,PALMERAH,SLIPI,2147,30,1.66527462678903,0.907956539315623,20.6931726421387,0.530672692949773
-3628225.71211478,687748.164485112,25505,3173071003,KOTA BAMBU UTARA,317307,DKI JAKARTA,JAKARTA BARAT,PAL MERAH,KOTA BAMBU UTARA,31468,DKI JAKARTA,JAKARTA BARAT,PALMERAH,KOTA BAMBU UTARA,1635,34,0.988907366799545,1.02221505545442,20.4445690450059,0.894724972099591
-3628285.27809858,688374.141386887,25506,3173071004,JATIPULO,317307,DKI JAKARTA,JAKARTA BARAT,PAL MERAH,JATIPULO,35771,DKI JAKARTA,JAKARTA BARAT,PALMERAH,JATI PULO,1769,49,1.32537180968524,1.61102338815597,20.2166946832766,0.866991271257496
-3629778.08210031,686802.513364267,25507,3173071005,KEMANGGISAN,317307,DKI JAKARTA,JAKARTA BARAT,PAL MERAH,KEMANGGISAN,39419,DKI JAKARTA,JAKARTA BARAT,PALMERAH,KEMANGGISAN,3034,61,1.09418576182475,0.780636665518668,19.2752527853933,0.925072683508756
-3637175.62643086,683728.939591959,25511,3173081003,MERUYA SELATAN,317308,DKI JAKARTA,JAKARTA BARAT,KEMBANGAN,MERUYA SELATAN,39306,DKI JAKARTA,JAKARTA BARAT,KEMBANGAN,MERUYA SELATAN,3150,46,0.547759728457004,1.69345709388393,14.4580290298846,3.22552560717548
-3621826.77032064,681426.180803376,25516,3174011002,TEBET BARAT,317401,DKI JAKARTA,JAKARTA SELATAN,TEBET,TEBET BARAT,25585,DKI JAKARTA,JAKARTA SELATAN,TEBET,TEBET BARAT,2948,38,2.61724589696825,0.658377292962296,28.6983122724772,0.566823256504248
-3636423.61359277,682492.874552257,25513,3173081005,JOGLO,317308,DKI JAKARTA,JAKARTA BARAT,KEMBANGAN,JOGLO,49663,DKI JAKARTA,JAKARTA BARAT,KEMBANGAN,JOGLO,3566,41,0.410834654059381,1.99277072313978,15.8445578187818,4.37963126027049
-3636633.76228047,686813.779816716,25514,3173081006,KEMBANGAN SELATAN,317308,DKI JAKARTA,JAKARTA BARAT,KEMBANGAN,KEMBANGAN SELATAN,32372,DKI JAKARTA,JAKARTA BARAT,KEMBANGAN,KEMBANGAN SELATAN,2295,26,0.428556871885828,1.23568156896938,13.0796444380593,0.190312580728289
-3620981.86606101,681637.319967696,25515,3174011001,TEBET TIMUR,317401,DKI JAKARTA,JAKARTA SELATAN,TEBET,TEBET TIMUR,21645,DKI JAKARTA,JAKARTA SELATAN,TEBET,TEBET TIMUR,2054,35,2.58487921890358,0.698834121670152,29.3789880611901,0.80142024320544
-3618585.52768678,681395.062203538,25597,3175031005,CIPINANG CEMPEDAK,317503,DKI JAKARTA,JAKARTA TIMUR,JATINEGARA,CIPINANG CEMPEDAK,39817,DKI JAKARTA,JAKARTA TIMUR,JATINEGARA,CIPINANG CEMPEDAK,2588,54,2.63288147645634,0.228123033049638,31.6752800606104,1.8439365326951
-3622887.08767542,681828.065382008,25517,3174011003,MENTENG DALAM,317401,DKI JAKARTA,JAKARTA SELATAN,TEBET,MENTENG DALAM,44673,DKI JAKARTA,JAKARTA SELATAN,TEBET,MENTENG DALAM,3090,51,1.96637501912506,0.637867539785809,27.5677796637111,0.974205725542744
-3620745.26178213,683296.264035765,25519,3174011005,BUKIT DURI,317401,DKI JAKARTA,JAKARTA SELATAN,TEBET,BUKIT DURI,42224,DKI JAKARTA,JAKARTA SELATAN,TEBET,BUKIT DURI,2385,32,1.25835564608627,1.49964391383645,28.9644022425184,0.868215017111717
-3621741.69291849,684254.149168983,25521,3174011007,MANGGARAI,317401,DKI JAKARTA,JAKARTA SELATAN,TEBET,MANGGARAI,35357,DKI JAKARTA,JAKARTA SELATAN,TEBET,MANGGARAI,1802,25,0.444645836929636,0.721859848587616,27.6976557255972,1.00699118424929
-3624927.69695126,684012.263360662,25525,3174021004,KARET,317402,DKI JAKARTA,JAKARTA SELATAN,SETIABUDI,KARET,11747,DKI JAKARTA,JAKARTA SELATAN,SETIA BUDI,KARET,1030,11,0.820691954110996,1.39081780941476,24.8143915014601,0.659774405618069
-3623651.68988874,674228.80958622,25536,3174041002,JATI PADANG,317404,DKI JAKARTA,JAKARTA SELATAN,PASAR MINGGU,JATI PADANG,45928,DKI JAKARTA,JAKARTA SELATAN,PASAR MINGGU,JATI PADANG,3422,59,2.56291294450671,0.836819757609611,30.9402116331844,0.371338134330323
-3625844.94096881,679374.305021589,25532,3174031003,PELA MAMPANG,317403,DKI JAKARTA,JAKARTA SELATAN,MAMPANG PRAPATAN,PELA MAMPANG,53495,DKI JAKARTA,JAKARTA SELATAN,MAMPANG PRAPATAN,PELA MAMPANG,3965,66,0.513934935864833,2.29762949200216,26.1737247978829,1.69013782392371
-3624277.38188864,679437.492667318,25533,3174031004,TEGAL PARANG,317403,DKI JAKARTA,JAKARTA SELATAN,MAMPANG PRAPATAN,TEGAL PARANG,39961,DKI JAKARTA,JAKARTA SELATAN,MAMPANG PRAPATAN,TEGAL PARANG,2460,43,1.65404981439461,1.17788526298775,27.4700704534887,1.2998143280215
-3625325.37296814,681051.684206955,25534,3174031005,KUNINGAN BARAT,317403,DKI JAKARTA,JAKARTA SELATAN,MAMPANG PRAPATAN,KUNINGAN BARAT,15788,DKI JAKARTA,JAKARTA SELATAN,MAMPANG PRAPATAN,KUNINGAN BARAT,990,9,1.4241397364472,1.59391744115657,25.7536411483494,0.370092701091704
-3622537.55351106,674171.752323637,25535,3174041001,PASAR MINGGU,317404,DKI JAKARTA,JAKARTA SELATAN,PASAR MINGGU,PASAR MINGGU,30208,DKI JAKARTA,JAKARTA SELATAN,PASAR MINGGU,PASAR MINGGU,2923,51,2.52248823055663,0.372001791788398,31.8599930829236,0.982605653262101
-3626051.48156557,673738.292133483,25537,3174041003,CILANDAK TIMUR,317404,DKI JAKARTA,JAKARTA SELATAN,PASAR MINGGU,CILANDAK TIMUR,31320,DKI JAKARTA,JAKARTA SELATAN,PASAR MINGGU,CILANDAK TIMUR,2888,31,2.44439905023433,0.247428163804547,29.4094716232576,0.764969388313399
-3630621.94548175,675392.336662334,25543,3174051002,PONDOK PINANG,317405,DKI JAKARTA,JAKARTA SELATAN,KEBAYORAN LAMA,PONDOK PINANG,67733,DKI JAKARTA,JAKARTA SELATAN,KEBAYORAN LAMA,PONDOK PINANG,4769,74,2.36314441457726,1.79994323925368,24.9586825195457,0.599051099449527
-3630085.88131596,683186.166934941,25545,3174051004,GROGOL UTARA,317405,DKI JAKARTA,JAKARTA SELATAN,KEBAYORAN LAMA,GROGOL UTARA,52471,DKI JAKARTA,JAKARTA SELATAN,KEBAYORAN LAMA,GROGOL UTARA,3036,59,0.866170725909517,0.499203250083626,20.5615087945355,1.20553782264259
-3630803.96718555,678257.360879963,25547,3174051006,KEBAYORAN LAMA SELATAN,317405,DKI JAKARTA,JAKARTA SELATAN,KEBAYORAN LAMA,KEBAYORAN LAMA SELATAN,50130,DKI JAKARTA,JAKARTA SELATAN,KEBAYORAN LAMA,KEBAYORAN LAMA SELATAN,3513,71,0.508193176849492,0.359445027320782,22.8562954684559,0.190306205801546
-3628102.83758622,673679.56658002,25548,3174061001,CILANDAK BARAT,317406,DKI JAKARTA,JAKARTA SELATAN,CILANDAK,CILANDAK BARAT,62119,DKI JAKARTA,JAKARTA SELATAN,CILANDAK,CILANDAK BARAT,5388,67,1.22083126753126,1.28089002169054,27.9500794237847,0.601440983601763
-3630379.23788434,672102.786204075,25549,3174061002,LEBAK BULUS,317406,DKI JAKARTA,JAKARTA SELATAN,CILANDAK,LEBAK BULUS,44645,DKI JAKARTA,JAKARTA SELATAN,CILANDAK,LEBAK BULUS,3955,54,0.244184824565692,1.231508744152,27.5658142649996,2.33817624173847
-3627848.76710628,679609.965618826,25553,3174071001,MELAWAI,317407,DKI JAKARTA,JAKARTA SELATAN,KEBAYORAN BARU,MELAWAI,3173,DKI JAKARTA,JAKARTA SELATAN,KEBAYORAN BARU,MELAWAI,462,5,1.44034863709527,1.00328399833997,24.3771016603745,0.426635247729235
-3629178.33209804,680784.65761961,25554,3174071002,GUNUNG,317407,DKI JAKARTA,JAKARTA SELATAN,KEBAYORAN BARU,GUNUNG,11180,DKI JAKARTA,JAKARTA SELATAN,KEBAYORAN BARU,GUNUNG,2357,25,0.86875142810873,0.321533538869547,22.6178744091746,1.05543043042468
-3629141.41580799,679625.988056651,25555,3174071003,KRAMAT PELA,317407,DKI JAKARTA,JAKARTA SELATAN,KEBAYORAN BARU,KRAMAT PELA,17564,DKI JAKARTA,JAKARTA SELATAN,KEBAYORAN BARU,KRAMAT PELA,1067,10,0.288763377826902,0.498418981985426,23.3082504993087,0.241002578763159
-3627646.42931882,681119.696893338,25556,3174071004,SELONG,317407,DKI JAKARTA,JAKARTA SELATAN,KEBAYORAN BARU,SELONG,3381,DKI JAKARTA,JAKARTA SELATAN,KEBAYORAN BARU,SELONG,398,6,2.00747561991969,0.83180095891636,23.7178686944286,0.845033524583358
-3626506.56273443,680918.164469838,25557,3174071005,RAWA BARAT,317407,DKI JAKARTA,JAKARTA SELATAN,KEBAYORAN BARU,RAWA BARAT,6646,DKI JAKARTA,JAKARTA SELATAN,KEBAYORAN BARU,RAWA BARAT,596,8,1.16649370280261,0.628950421247058,24.7968961779098,0.312515036820389
-3626698.98794886,680006.454341493,25560,3174071008,PETOGOGAN,317407,DKI JAKARTA,JAKARTA SELATAN,KEBAYORAN BARU,PETOGOGAN,14002,DKI JAKARTA,JAKARTA SELATAN,KEBAYORAN BARU,PETOGOGAN,1077,15,0.652640892052711,1.43284070166592,25.1133409206577,0.974142793669139
-3627412.98863617,677522.629798976,25562,3174071010,CIPETE UTARA,317407,DKI JAKARTA,JAKARTA SELATAN,KEBAYORAN BARU,CIPETE UTARA,41755,DKI JAKARTA,JAKARTA SELATAN,KEBAYORAN BARU,CIPETE UTARA,2814,51,2.46138482859227,0.452463354679567,25.9500354624368,0.70015827531474
-3622784.29088947,679711.710601886,25563,3174081001,PANCORAN,317408,DKI JAKARTA,JAKARTA SELATAN,PANCORAN,PANCORAN,23908,DKI JAKARTA,JAKARTA SELATAN,PANCORAN,PANCORAN,2045,32,0.759994892768107,0.499496320301646,28.6256536636215,0.464318388691025
-3623435.48207712,678565.062880263,25566,3174081004,DUREN TIGA,317408,DKI JAKARTA,JAKARTA SELATAN,PANCORAN,DUREN TIGA,34105,DKI JAKARTA,JAKARTA SELATAN,PANCORAN,DUREN TIGA,2444,37,0.838126840879358,0.715619382124854,28.6429731026983,0.833366420618671
-3620859.73066967,679608.876605396,25567,3174081005,PENGADEGAN,317408,DKI JAKARTA,JAKARTA SELATAN,PANCORAN,PENGADEGAN,25641,DKI JAKARTA,JAKARTA SELATAN,PANCORAN,PENGADEGAN,2189,38,1.94727011243301,0.949591981562377,30.370115221767,1.38891099268578
-3621022.11152395,680160.014998759,25568,3174081006,CIKOKO,317408,DKI JAKARTA,JAKARTA SELATAN,PANCORAN,CIKOKO,13083,DKI JAKARTA,JAKARTA SELATAN,PANCORAN,CIKOKO,1132,13,2.06024153390721,0.699443862490745,29.9749393464434,0.941991615644369
-3623977.79586223,666357.743700919,25570,3174091002,SRENGSENG SAWAH,317409,DKI JAKARTA,JAKARTA SELATAN,JAGAKARSA,SRENGSENG SAWAH,70377,DKI JAKARTA,JAKARTA SELATAN,JAGAKARSA,SRENGSENG SAWAH,5185,81,1.18397475374362,0.549427378511357,36.0993143624536,1.66738568412177
-3626167.50470532,667782.427926772,25571,3174091003,CIGANJUR,317409,DKI JAKARTA,JAKARTA SELATAN,JAGAKARSA,CIGANJUR,46102,DKI JAKARTA,JAKARTA SELATAN,JAGAKARSA,CIGANJUR,4046,54,3.74327096934326,0.558067362998164,33.5846343066714,1.97982061629821
-3621352.94782665,672017.195706055,25573,3174091005,TANJUNG BARAT,317409,DKI JAKARTA,JAKARTA SELATAN,JAGAKARSA,TANJUNG BARAT,48232,DKI JAKARTA,JAKARTA SELATAN,JAGAKARSA,TANJUNG BARAT,3204,56,1.38203071709345,1.60750154379197,34.1147015017906,1.5116903070211
-3633428.61752469,677816.111312228,25575,3174101001,PESANGGRAHAN,317410,DKI JAKARTA,JAKARTA SELATAN,PESANGGRAHAN,PESANGGRAHAN,33717,DKI JAKARTA,JAKARTA SELATAN,PESANGGRAHAN,PESANGGRAHAN,2429,34,0.348285678358811,0.661814729492617,21.2663952015691,1.06687116470033
-3634730.02581316,681265.117253492,25577,3174101003,PETUKANGAN UTARA,317410,DKI JAKARTA,JAKARTA SELATAN,PESANGGRAHAN,PETUKANGAN UTARA,65647,DKI JAKARTA,JAKARTA SELATAN,PESANGGRAHAN,PETUKANGAN UTARA,3987,47,1.03147679106252,0.212983828982698,17.9229481153499,2.78032793215445
-3615760.20618652,688682.053825879,25586,3175021001,PULO GADUNG,317502,DKI JAKARTA,JAKARTA TIMUR,PULOGADUNG,PULO GADUNG,42357,DKI JAKARTA,JAKARTA TIMUR,PULO GADUNG,PULO GADUNG,2609,46,6.19435515914553,0.281919940149055,32.4296343440639,0.788303538712157
-3633056.78265516,680485.034684352,25579,3174101005,ULUJAMI,317410,DKI JAKARTA,JAKARTA SELATAN,PESANGGRAHAN,ULUJAMI,50117,DKI JAKARTA,JAKARTA SELATAN,PESANGGRAHAN,ULUJAMI,3210,55,0.298612232798015,0.690942715541584,19.6954319908893,0.945872420468201
-3619675.0777178,686754.421509339,25581,3175011002,UTAN KAYU UTARA,317501,DKI JAKARTA,JAKARTA TIMUR,MATRAMAN,UTAN KAYU UTARA,34735,DKI JAKARTA,JAKARTA TIMUR,MATRAMAN,UTAN KAYU UTARA,2311,60,2.93179006232614,0.391442059716233,28.9604705205706,0.339771095433698
-3620383.97068783,685771.181168155,25582,3175011003,KAYU MANIS,317501,DKI JAKARTA,JAKARTA TIMUR,MATRAMAN,KAYU MANIS,31146,DKI JAKARTA,JAKARTA TIMUR,MATRAMAN,KAYU MANIS,2384,40,1.90248548002148,0.108762341720778,28.5262301823415,1.08767339515871
-3620806.19917999,685629.348378237,25583,3175011004,PALMERIAM,317501,DKI JAKARTA,JAKARTA TIMUR,MATRAMAN,PALMERIAM,24456,DKI JAKARTA,JAKARTA TIMUR,MATRAMAN,PAL MERIAM,1671,30,1.48294461490187,0.403053557479981,28.1602773851634,0.789700744250773
-3617801.03236693,686845.752538963,25590,3175021005,RAWAMANGUN,317502,DKI JAKARTA,JAKARTA TIMUR,PULOGADUNG,RAWAMANGUN,46034,DKI JAKARTA,JAKARTA TIMUR,PULO GADUNG,RAWAMANGUN,3638,74,3.51850161805016,0.300509699891962,30.7643986560887,0.300932549514916
-3617783.23112567,689013.046027892,25591,3175021006,KAYU PUTIH,317502,DKI JAKARTA,JAKARTA TIMUR,PULOGADUNG,KAYU PUTIH,49147,DKI JAKARTA,JAKARTA TIMUR,PULO GADUNG,KAYU PUTIH,3993,62,4.90087021579022,0.80843050965352,30.3798184347489,0.069784556598619
-3620391.05506903,683869.263045689,25593,3175031001,KAMPUNG MELAYU,317503,DKI JAKARTA,JAKARTA TIMUR,JATINEGARA,KAMPUNG MELAYU,31954,DKI JAKARTA,JAKARTA TIMUR,JATINEGARA,KAMPUNG MELAYU,1494,18,0.789683939541978,1.19001173316507,29.0990990441839,0.614005742488941
-3619470.95378101,681553.17329676,25594,3175031002,BIDARA CINA,317503,DKI JAKARTA,JAKARTA TIMUR,JATINEGARA,BIDARA CINA,45194,DKI JAKARTA,JAKARTA TIMUR,JATINEGARA,BIDARA CINA,3030,63,2.27417091942111,0.901289259610437,30.7979247075426,1.82776549842159
-3619691.58677681,683608.460535759,25595,3175031003,BALI MESTER,317503,DKI JAKARTA,JAKARTA TIMUR,JATINEGARA,BALI MESTER,11695,DKI JAKARTA,JAKARTA TIMUR,JATINEGARA,BALI MESTER,864,18,0.232710505750854,0.920529575730169,29.8455149303358,0.236288071974866
-3618595.69267424,676501.157723984,25601,3175041001,KRAMATJATI,317504,DKI JAKARTA,JAKARTA TIMUR,KRAMATJATI,KRAMATJATI,42031,DKI JAKARTA,JAKARTA TIMUR,KRAMAT JATI,KRAMAT JATI,3403,68,3.2237952778648,1.14239955313161,33.8548109005385,0.353837551016151
-3617779.37473134,676351.017048222,25627,3175081001,MAKASAR,317508,DKI JAKARTA,JAKARTA TIMUR,MAKASAR,MAKASAR,42584,DKI JAKARTA,JAKARTA TIMUR,MAKASAR,MAKASAR,3544,62,3.99260179499611,0.960034777254505,34.6363358382182,0.104366202839123
-3619818.61538259,675805.538972156,25604,3175041004,BATU AMPAR,317504,DKI JAKARTA,JAKARTA TIMUR,KRAMATJATI,BATU AMPAR,58890,DKI JAKARTA,JAKARTA TIMUR,KRAMAT JATI,BATU AMPAR,3820,77,2.14785195353291,1.72328463108589,33.1730687729175,1.08557135468513
-3619293.29932094,679510.037720895,25607,3175041007,CAWANG,317504,DKI JAKARTA,JAKARTA TIMUR,KRAMATJATI,CAWANG,40643,DKI JAKARTA,JAKARTA TIMUR,KRAMAT JATI,CAWANG,3209,42,3.44601843189819,1.81081874159366,31.8122504730758,0.636947330359281
-3619770.55168176,672820.143167331,25608,3175051001,GEDONG,317505,DKI JAKARTA,JAKARTA TIMUR,PASAR REBO,GEDONG,44099,DKI JAKARTA,JAKARTA TIMUR,PASAR REBO,GEDONG,3299,65,3.14842584030455,0.168253554978235,34.8897809528392,0.764720998050783
-3621271.22321904,669676.863778374,25609,3175051002,BARU,317505,DKI JAKARTA,JAKARTA TIMUR,PASAR REBO,BARU,29389,DKI JAKARTA,JAKARTA TIMUR,PASAR REBO,BARU,2682,41,1.96297830890974,1.18968102813353,35.6808716983972,2.77786895880299
-3619798.83046626,670120.227007407,25610,3175051003,CIJANTUNG,317505,DKI JAKARTA,JAKARTA TIMUR,PASAR REBO,CIJANTUNG,50571,DKI JAKARTA,JAKARTA TIMUR,PASAR REBO,CIJANTUNG,3910,84,2.90106008340962,0.200945014921611,36.5157625014412,1.28858706867598
-3618822.46771553,667203.7850642,25612,3175051005,PEKAYON,317505,DKI JAKARTA,JAKARTA TIMUR,PASAR REBO,PEKAYON,53410,DKI JAKARTA,JAKARTA TIMUR,PASAR REBO,PEKAYON,3309,47,4.80589509110655,0.403410441343826,39.1538519294607,3.48484136225613
-3613331.29623024,686150.84587196,25613,3175061001,JATINEGARA,317506,DKI JAKARTA,JAKARTA TIMUR,CAKUNG,JATINEGARA,105365,DKI JAKARTA,JAKARTA TIMUR,CAKUNG,JATINEGARA,4144,73,3.64293792223447,2.31812362415788,35.2789425354908,1.71713211304008
-3612932.48192427,688691.365038572,25614,3175061002,RAWA TERATE,317506,DKI JAKARTA,JAKARTA TIMUR,CAKUNG,RAWA TERATE,31569,DKI JAKARTA,JAKARTA TIMUR,CAKUNG,RAWA TERATE,1015,20,5.05049995478376,2.29748887602938,35.2259537561739,2.25796365843538
-3610850.71655849,686061.715658572,25615,3175061003,PENGGILINGAN,317506,DKI JAKARTA,JAKARTA TIMUR,CAKUNG,PENGGILINGAN,120083,DKI JAKARTA,JAKARTA TIMUR,CAKUNG,PENGGILINGAN,5567,107,1.71852942369917,2.5611266225163,37.7249301838659,2.04559494366826
-3608502.09666388,690757.606857141,25616,3175061004,CAKUNG TIMUR,317506,DKI JAKARTA,JAKARTA TIMUR,CAKUNG,CAKUNG TIMUR,73270,DKI JAKARTA,JAKARTA TIMUR,CAKUNG,CAKUNG TIMUR,2892,55,6.41965170859434,4.63339390369807,39.4152188853104,5.04887115277358
-3608505.49641218,686316.821823841,25617,3175061005,PULO GEBANG,317506,DKI JAKARTA,JAKARTA TIMUR,CAKUNG,PULO GEBANG,117589,DKI JAKARTA,JAKARTA TIMUR,CAKUNG,PULO GEBANG,5110,103,2.37218292793608,2.80967059222583,39.9783179760968,2.61400301485134
-3607446.54384874,688845.838026961,25618,3175061006,UJUNG MENTENG,317506,DKI JAKARTA,JAKARTA TIMUR,CAKUNG,UJUNG MENTENG,36390,DKI JAKARTA,JAKARTA TIMUR,CAKUNG,UJUNG MENTENG,1801,28,5.04797714384157,5.53048886642422,40.6471767527786,5.32225941336492
-3611162.86023788,690282.43870773,25619,3175061007,CAKUNG BARAT,317506,DKI JAKARTA,JAKARTA TIMUR,CAKUNG,CAKUNG BARAT,72686,DKI JAKARTA,JAKARTA TIMUR,CAKUNG,CAKUNG BARAT,2105,26,5.85391982570928,2.49097884896787,36.8016894024414,2.4927188567157
-3614944.36026539,682009.436255653,25621,3175071002,PONDOK BAMBU,317507,DKI JAKARTA,JAKARTA TIMUR,DUREN SAWIT,PONDOK BAMBU,75193,DKI JAKARTA,JAKARTA TIMUR,DUREN SAWIT,PONDOK BAMBU,5539,108,4.99910166616036,0.734594507780351,34.8542260585062,0.999891068412898
-3610829.1506864,681158.0356489,25623,3175071004,PONDOK KELAPA,317507,DKI JAKARTA,JAKARTA TIMUR,DUREN SAWIT,PONDOK KELAPA,86731,DKI JAKARTA,JAKARTA TIMUR,DUREN SAWIT,PONDOK KELAPA,5404,98,3.45861950733803,0.900613266210894,39.0224420270884,1.35377634116367
-3611537.90029308,683624.587540896,25624,3175071005,MALAKA SARI,317507,DKI JAKARTA,JAKARTA TIMUR,DUREN SAWIT,MALAKA SARI,33599,DKI JAKARTA,JAKARTA TIMUR,DUREN SAWIT,MALAKA SARI,2864,68,1.72743314318883,0.818417679813321,37.6235063048419,0.878882371551627
-3610682.98571805,683671.346849725,25625,3175071006,MALAKA JAYA,317507,DKI JAKARTA,JAKARTA TIMUR,DUREN SAWIT,MALAKA JAYA,38024,DKI JAKARTA,JAKARTA TIMUR,DUREN SAWIT,MALAKA JAYA,3073,59,1.05772544101355,0.280384217645876,38.4363801962327,0.274152468301712
-3615748.02514258,677806.120268164,25630,3175081004,HALIM PERDANA KUSUMA,317508,DKI JAKARTA,JAKARTA TIMUR,MAKASAR,HALIM PERDANA KUSUMA,35653,DKI JAKARTA,JAKARTA TIMUR,MAKASAR,HALIM PERDANA KUSUMAH,4187,51,4.94609999750598,2.27868942083447,35.7455292256682,0.492953499845852
-3614180.78890312,679984.629463343,25631,3175081005,CIPINANG MELAYU,317508,DKI JAKARTA,JAKARTA TIMUR,MAKASAR,CIPINANG MELAYU,52190,DKI JAKARTA,JAKARTA TIMUR,MAKASAR,CIPINANG MELAYU,3416,70,6.13131426460408,0.420943782339296,36.2855150981264,0.497457603262806
-3616350.50106478,665784.923367289,25633,3175091002,CIBUBUR,317509,DKI JAKARTA,JAKARTA TIMUR,CIRACAS,CIBUBUR,79968,DKI JAKARTA,JAKARTA TIMUR,CIRACAS,CIBUBUR,5910,75,6.33795064046836,0.492500760460308,41.9471401389085,5.40753826929951
-3616392.88478297,667863.097527848,25634,3175091003,KELAPA DUA WETAN,317509,DKI JAKARTA,JAKARTA TIMUR,CIRACAS,KELAPA DUA WETAN,56330,DKI JAKARTA,JAKARTA TIMUR,CIRACAS,KELAPA DUA WETAN,4492,69,5.02823495487232,0.491778303850145,40.5828714130097,3.60643272226549
-3618513.34278576,670978.236903697,25635,3175091004,SUSUKAN,317509,DKI JAKARTA,JAKARTA TIMUR,CIRACAS,SUSUKAN,46394,DKI JAKARTA,JAKARTA TIMUR,CIRACAS,SUSUKAN,3284,69,3.26944273938523,0.888474507384443,36.9956398603944,0.320495922768283
-3617536.19271162,672277.396795323,25636,3175091005,RAMBUTAN,317509,DKI JAKARTA,JAKARTA TIMUR,CIRACAS,RAMBUTAN,45470,DKI JAKARTA,JAKARTA TIMUR,CIRACAS,RAMBUTAN,2947,53,1.79341731258001,0.737539709964553,37.0285090010892,1.30877020631628
-3613109.59755059,669127.413442308,25638,3175101002,CILANGKAP,317510,DKI JAKARTA,JAKARTA TIMUR,CIPAYUNG,CILANGKAP,33198,DKI JAKARTA,JAKARTA TIMUR,CIPAYUNG,CILANGKAP,3308,31,3.26595324970493,3.14514166062947,42.4608872820144,5.74528680190862
-3613016.806862,666341.491934175,25639,3175101003,PONDOK RANGGON,317510,DKI JAKARTA,JAKARTA TIMUR,CIPAYUNG,PONDOK RANGGON,30351,DKI JAKARTA,JAKARTA TIMUR,CIPAYUNG,PONDOK RANGGON,2774,18,3.00489848725163,3.21602601201626,44.17787453822,7.10470605119188
-3614474.71652683,666830.306726339,25640,3175101004,MUNJUL,317510,DKI JAKARTA,JAKARTA TIMUR,CIPAYUNG,MUNJUL,28722,DKI JAKARTA,JAKARTA TIMUR,CIPAYUNG,MUNJUL,2771,36,4.27435787051416,1.69924563974531,42.7270645571404,5.67448066319142
-3612628.10614939,671770.155655528,25641,3175101005,SETU,317510,DKI JAKARTA,JAKARTA TIMUR,CIPAYUNG,SETU,24722,DKI JAKARTA,JAKARTA TIMUR,CIPAYUNG,SETU,1966,14,3.39237069596119,3.44967609716908,41.4086200496191,4.4247182286957
-3614140.09325186,671865.069221107,25642,3175101006,BAMBU APUS,317510,DKI JAKARTA,JAKARTA TIMUR,CIPAYUNG,BAMBU APUS,31774,DKI JAKARTA,JAKARTA TIMUR,CIPAYUNG,BAMBU APUS,3006,31,1.97040803822922,2.42296104112758,40.080191180863,3.32209289683877
-3614150.84573296,674195.080706282,25643,3175101007,LUBANG BUAYA,317510,DKI JAKARTA,JAKARTA TIMUR,CIPAYUNG,LUBANG BUAYA,77650,DKI JAKARTA,JAKARTA TIMUR,CIPAYUNG,LUBANG BUAYA,5701,69,2.15278952764016,1.01519931386529,38.8566213958734,1.92546098206886
-3615399.24780803,672257.789299123,25644,3175101008,CEGER,317510,DKI JAKARTA,JAKARTA TIMUR,CIPAYUNG,CEGER,23042,DKI JAKARTA,JAKARTA TIMUR,CIPAYUNG,CEGER,2067,29,0.747187921697729,1.4122374147201,38.8109047097823,2.42111428401755
